Сенной,3 Окружная избирательная комиссия №3,15
Сенной,3 Окружная избирательная комиссия №3,16
Сенной,3 Окружная избирательная комиссия №3,17
Сенной,3 Окружная избирательная комиссия №3,18
Сенной,4 Окружная избирательная комиссия №4,19
Сенной,4 Окружная избирательная комиссия №4,20
Сенной,4 Окружная избирательная комиссия №4,21
Сенной,4 Окружная избирательная комиссия №4,22
Адмиралтейский,5 Окружная избирательная комиссия №5,23
Адмиралтейский,5 Окружная избирательная комиссия №5,24
Адмиралтейский,5 Окружная избирательная комиссия №5,25
Адмиралтейский,5 Окружная избирательная комиссия №5,26
Адмиралтейский,5 Окружная избирательная комиссия №5,27
Адмиралтейский,6 Окружная избирательная комиссия №6,28
Адмиралтейский,6 Окружная избирательная комиссия №6,29
Адмиралтейский,6 Окружная избирательная комиссия №6,30
Адмиралтейский,6 Окружная избирательная комиссия №6,31
Адмиралтейский,6 Окружная избирательная комиссия №6,32
Екатерингофский,11 Окружная избирательная комиссия №11,53
Екатерингофский,11 Окружная избирательная комиссия №11,54
Екатерингофский,11 Окружная избирательная комиссия №11,55
Екатерингофский,11 Окружная избирательная комиссия №11,56
Екатерингофский,12 Окружная избирательная комиссия №12,57
Екатерингофский,12 Окружная избирательная комиссия №12,58
Екатерингофский,12 Окружная избирательная комиссия №12,59
Екатерингофский,12 Окружная избирательная комиссия №12,60
Екатерингофский,12 Окружная избирательная комиссия №12,61
Семеновский,7 Окружная избирательная комиссия №7,33
Семеновский,7 Окружная избирательная комиссия №7,34
Семеновский,7 Окружная избирательная комиссия №7,35
Семеновский,7 Окружная избирательная комиссия №7,36
Семеновский,7 Окружная избирательная комиссия №7,37
Семеновский,8 Окружная избирательная комиссия №8,38
Семеновский,8 Окружная избирательная комиссия №8,39
Семеновский,8 Окружная избирательная комиссия №8,40
Семеновский,8 Окружная избирательная комиссия №8,41
Семеновский,8 Окружная избирательная комиссия №8,42
Измайловское,9 Окружная избирательная комиссия №9,43
Измайловское,9 Окружная избирательная комиссия №9,44
Измайловское,9 Окружная избирательная комиссия №9,45
Измайловское,9 Окружная избирательная комиссия №9,46
Измайловское,9 Окружная избирательная комиссия №9,47
Измайловское,10 Окружная избирательная комиссия №10,48
Измайловское,10 Окружная избирательная комиссия №10,49
Измайловское,10 Окружная избирательная комиссия №10,50
Измайловское,10 Окружная избирательная комиссия №10,51
Измайловское,10 Окружная избирательная комиссия №10,52
Коломна,1 Окружная избирательная комиссия №1,1
Коломна,1 Окружная избирательная комиссия №1,2
Коломна,1 Окружная избирательная комиссия №1,3
Коломна,1 Окружная избирательная комиссия №1,4
Коломна,1 Окружная избирательная комиссия №1,5
Коломна,1 Окружная избирательная комиссия №1,6
Коломна,1 Окружная избирательная комиссия №1,7
Коломна,2 Окружная избирательная комиссия №2,8
Коломна,2 Окружная избирательная комиссия №2,9
Коломна,2 Окружная избирательная комиссия №2,10
Коломна,2 Окружная избирательная комиссия №2,11
Коломна,2 Окружная избирательная комиссия №2,12
Коломна,2 Окружная избирательная комиссия №2,13
Коломна,2 Окружная избирательная комиссия №2,14
Васильевский,15 Окружная избирательная комиссия №15,119
Васильевский,15 Окружная избирательная комиссия №15,120
Васильевский,15 Окружная избирательная комиссия №15,121
Васильевский,15 Окружная избирательная комиссия №15,122
Васильевский,15 Окружная избирательная комиссия №15,123
Васильевский,15 Окружная избирательная комиссия №15,124
Васильевский,16 Окружная избирательная комиссия №16,125
Васильевский,16 Окружная избирательная комиссия №16,126
Васильевский,16 Окружная избирательная комиссия №16,127
Васильевский,16 Окружная избирательная комиссия №16,128
Васильевский,16 Окружная избирательная комиссия №16,129
Васильевский,16 Окружная избирательная комиссия №16,130
Васильевский,16 Окружная избирательная комиссия №16,131
Гавань,17 Окружная избирательная комиссия №17,132
Гавань,17 Окружная избирательная комиссия №17,133
Гавань,17 Окружная избирательная комиссия №17,134
Гавань,17 Окружная избирательная комиссия №17,135
Гавань,17 Окружная избирательная комиссия №17,136
Гавань,17 Окружная избирательная комиссия №17,137
Гавань,17 Окружная избирательная комиссия №17,138
Гавань,18 Окружная избирательная комиссия №18,139
Гавань,18 Окружная избирательная комиссия №18,140
Гавань,18 Окружная избирательная комиссия №18,141
Гавань,18 Окружная избирательная комиссия №18,142
Гавань,18 Окружная избирательная комиссия №18,143
Гавань,18 Окружная избирательная комиссия №18,144
Гавань,18 Окружная избирательная комиссия №18,145
Морской,19 Окружная избирательная комиссия №19,146
Морской,19 Окружная избирательная комиссия №19,147
Морской,19 Окружная избирательная комиссия №19,148
Морской,19 Окружная избирательная комиссия №19,149
Морской,19 Окружная избирательная комиссия №19,150
Морской,19 Окружная избирательная комиссия №19,151
Морской,20 Окружная избирательная комиссия №20,152
Морской,20 Окружная избирательная комиссия №20,153
Морской,20 Окружная избирательная комиссия №20,154
Морской,20 Окружная избирательная комиссия №20,155
Морской,20 Окружная избирательная комиссия №20,156
Морской,20 Окружная избирательная комиссия №20,157
Остров Декабристов,21 Окружная избирательная комиссия №21,158
Остров Декабристов,21 Окружная избирательная комиссия №21,159
Остров Декабристов,21 Окружная избирательная комиссия №21,160
Остров Декабристов,21 Окружная избирательная комиссия №21,161
Остров Декабристов,21 Окружная избирательная комиссия №21,162
Остров Декабристов,21 Окружная избирательная комиссия №21,163
Остров Декабристов,21 Окружная избирательная комиссия №21,164
Остров Декабристов,21 Окружная избирательная комиссия №21,165
Остров Декабристов,21 Окружная избирательная комиссия №21,166
Остров Декабристов,21 Окружная избирательная комиссия №21,167
Остров Декабристов,21 Окружная избирательная комиссия №21,168
Остров Декабристов,21 Окружная избирательная комиссия №21,169
Остров Декабристов,22 Окружная избирательная комиссия №22,170
Остров Декабристов,22 Окружная избирательная комиссия №22,171
Остров Декабристов,22 Окружная избирательная комиссия №22,172
Остров Декабристов,22 Окружная избирательная комиссия №22,173
Остров Декабристов,22 Окружная избирательная комиссия №22,174
Остров Декабристов,22 Окружная избирательная комиссия №22,175
Остров Декабристов,22 Окружная избирательная комиссия №22,176
Остров Декабристов,22 Окружная избирательная комиссия №22,177
Остров Декабристов,22 Окружная избирательная комиссия №22,178
Остров Декабристов,22 Окружная избирательная комиссия №22,179
№7,13 Окружная избирательная комиссия №13,104
№7,13 Окружная избирательная комиссия №13,105
№7,13 Окружная избирательная комиссия №13,106
№7,13 Окружная избирательная комиссия №13,107
№7,13 Окружная избирательная комиссия №13,108
№7,13 Окружная избирательная комиссия №13,109
№7,13 Окружная избирательная комиссия №13,110
№7,13 Окружная избирательная комиссия №13,111
№7,14 Окружная избирательная комиссия №14,112
№7,14 Окружная избирательная комиссия №14,113
№7,14 Окружная избирательная комиссия №14,114
№7,14 Окружная избирательная комиссия №14,115
№7,14 Окружная избирательная комиссия №14,116
№7,14 Окружная избирательная комиссия №14,117
№7,14 Окружная избирательная комиссия №14,118
Шувалово-Озерки,1 Окружная избирательная комиссия №1,252
Шувалово-Озерки,1 Окружная избирательная комиссия №1,253
Шувалово-Озерки,1 Окружная избирательная комиссия №1,254
Шувалово-Озерки,1 Окружная избирательная комиссия №1,255
Шувалово-Озерки,1 Окружная избирательная комиссия №1,256
Шувалово-Озерки,1 Окружная избирательная комиссия №1,257
Шувалово-Озерки,1 Окружная избирательная комиссия №1,258
Шувалово-Озерки,1 Окружная избирательная комиссия №1,260
Шувалово-Озерки,1 Окружная избирательная комиссия №1,261
Шувалово-Озерки,2 Окружная избирательная комиссия №2,259
Шувалово-Озерки,2 Окружная избирательная комиссия №2,262
Шувалово-Озерки,2 Окружная избирательная комиссия №2,263
Шувалово-Озерки,2 Окружная избирательная комиссия №2,264
Шувалово-Озерки,2 Окружная избирательная комиссия №2,265
Шувалово-Озерки,2 Окружная избирательная комиссия №2,266
Шувалово-Озерки,2 Окружная избирательная комиссия №2,267
Шувалово-Озерки,2 Окружная избирательная комиссия №2,270
Шувалово-Озерки,2 Окружная избирательная комиссия №2,273
Шувалово-Озерки,3 Окружная избирательная комиссия №3,269
Шувалово-Озерки,3 Окружная избирательная комиссия №3,271
Шувалово-Озерки,3 Окружная избирательная комиссия №3,272
Шувалово-Озерки,3 Окружная избирательная комиссия №3,274
Шувалово-Озерки,3 Окружная избирательная комиссия №3,275
Шувалово-Озерки,3 Окружная избирательная комиссия №3,276
Шувалово-Озерки,3 Окружная избирательная комиссия №3,277
Шувалово-Озерки,3 Окружная избирательная комиссия №3,278
Шувалово-Озерки,3 Окружная избирательная комиссия №3,280
Шувалово-Озерки,4 Окружная избирательная комиссия №4,268
Шувалово-Озерки,4 Окружная избирательная комиссия №4,279
Шувалово-Озерки,4 Окружная избирательная комиссия №4,281
Шувалово-Озерки,4 Окружная избирательная комиссия №4,282
Шувалово-Озерки,4 Окружная избирательная комиссия №4,283
Шувалово-Озерки,4 Окружная избирательная комиссия №4,284
Шувалово-Озерки,4 Окружная избирательная комиссия №4,285
Шувалово-Озерки,4 Окружная избирательная комиссия №4,286
Шувалово-Озерки,4 Окружная избирательная комиссия №4,287
Шувалово-Озерки,4 Окружная избирательная комиссия №4,288
Парнас,7 Окружная избирательная комиссия №7,234
Парнас,7 Окружная избирательная комиссия №7,235
Парнас,7 Окружная избирательная комиссия №7,236
Парнас,7 Окружная избирательная комиссия №7,237
Парнас,7 Окружная избирательная комиссия №7,238
Парнас,7 Окружная избирательная комиссия №7,243
Парнас,8 Окружная избирательная комиссия №8,225
Парнас,8 Окружная избирательная комиссия №8,228
Парнас,8 Окружная избирательная комиссия №8,229
Парнас,8 Окружная избирательная комиссия №8,230
Парнас,8 Окружная избирательная комиссия №8,231
Парнас,8 Окружная избирательная комиссия №8,232
Парнас,9 Окружная избирательная комиссия №9,221
Парнас,9 Окружная избирательная комиссия №9,222
Парнас,9 Окружная избирательная комиссия №9,223
Парнас,9 Окружная избирательная комиссия №9,224
Парнас,9 Окружная избирательная комиссия №9,226
Парнас,9 Окружная избирательная комиссия №9,227
Парнас,10 Окружная избирательная комиссия №10,233
Парнас,10 Окружная избирательная комиссия №10,239
Парнас,10 Окружная избирательная комиссия №10,240
Парнас,10 Окружная избирательная комиссия №10,241
Парнас,10 Окружная избирательная комиссия №10,242
Парнас,10 Окружная избирательная комиссия №10,244
Сампсониевское,23 Окружная избирательная комиссия №23,330
Сампсониевское,23 Окружная избирательная комиссия №23,331
Сампсониевское,23 Окружная избирательная комиссия №23,332
Сампсониевское,23 Окружная избирательная комиссия №23,333
Сампсониевское,23 Окружная избирательная комиссия №23,335
Сампсониевское,23 Окружная избирательная комиссия №23,342
Сампсониевское,24 Окружная избирательная комиссия №24,334
Сампсониевское,24 Окружная избирательная комиссия №24,336
Сампсониевское,24 Окружная избирательная комиссия №24,337
Сампсониевское,24 Окружная избирательная комиссия №24,338
Сампсониевское,24 Окружная избирательная комиссия №24,339
Сампсониевское,24 Окружная избирательная комиссия №24,340
Сампсониевское,24 Окружная избирательная комиссия №24,341
п. Парголово,1 Окружная избирательная комиссия №1,295
п. Парголово,1 Окружная избирательная комиссия №1,296
п. Парголово,1 Окружная избирательная комиссия №1,297
п. Парголово,1 Окружная избирательная комиссия №1,298
п. Парголово,1 Окружная избирательная комиссия №1,299
п. Парголово,1 Окружная избирательная комиссия №1,300
п. Парголово,1 Окружная избирательная комиссия №1,301
п. Парголово,2 Окружная избирательная комиссия №2,291
п. Парголово,2 Окружная избирательная комиссия №2,292
п. Парголово,2 Окружная избирательная комиссия №2,293
п. Парголово,2 Окружная избирательная комиссия №2,294
п. Парголово,2 Окружная избирательная комиссия №2,302
п. Парголово,2 Окружная избирательная комиссия №2,303
п. Парголово,2 Окружная избирательная комиссия №2,304
п. Парголово,2 Окружная избирательная комиссия №2,305
Светлановское,25 Окружная избирательная комиссия №25,344
Светлановское,25 Окружная избирательная комиссия №25,346
Светлановское,25 Окружная избирательная комиссия №25,347
Светлановское,25 Окружная избирательная комиссия №25,348
Светлановское,25 Окружная избирательная комиссия №25,349
Светлановское,25 Окружная избирательная комиссия №25,350
Светлановское,25 Окружная избирательная комиссия №25,360
Светлановское,25 Окружная избирательная комиссия №25,362
Светлановское,26 Окружная избирательная комиссия №26,345
Светлановское,26 Окружная избирательная комиссия №26,351
Светлановское,26 Окружная избирательная комиссия №26,353
Светлановское,26 Окружная избирательная комиссия №26,355
Светлановское,26 Окружная избирательная комиссия №26,356
Светлановское,26 Окружная избирательная комиссия №26,357
Светлановское,26 Окружная избирательная комиссия №26,358
Светлановское,26 Окружная избирательная комиссия №26,361
Светлановское,26 Окружная избирательная комиссия №26,363
Светлановское,27 Окружная избирательная комиссия №27,352
Светлановское,27 Окружная избирательная комиссия №27,354
Светлановское,27 Окружная избирательная комиссия №27,359
Светлановское,27 Окружная избирательная комиссия №27,364
Светлановское,27 Окружная избирательная комиссия №27,365
Светлановское,27 Окружная избирательная комиссия №27,369
Светлановское,27 Окружная избирательная комиссия №27,370
Светлановское,27 Окружная избирательная комиссия №27,371
Светлановское,28 Окружная избирательная комиссия №28,366
Светлановское,28 Окружная избирательная комиссия №28,367
Светлановское,28 Окружная избирательная комиссия №28,368
Светлановское,28 Окружная избирательная комиссия №28,372
Светлановское,28 Окружная избирательная комиссия №28,373
Светлановское,28 Окружная избирательная комиссия №28,374
Светлановское,28 Окружная избирательная комиссия №28,375
Сосновское,1 Окружная избирательная комиссия №1,378
Сосновское,1 Окружная избирательная комиссия №1,382
Сосновское,1 Окружная избирательная комиссия №1,389
Сосновское,1 Окружная избирательная комиссия №1,390
Сосновское,1 Окружная избирательная комиссия №1,398
Сосновское,1 Окружная избирательная комиссия №1,399
Сосновское,1 Окружная избирательная комиссия №1,400
Сосновское,2 Окружная избирательная комиссия №2,381
Сосновское,2 Окружная избирательная комиссия №2,385
Сосновское,2 Окружная избирательная комиссия №2,386
Сосновское,2 Окружная избирательная комиссия №2,387
Сосновское,2 Окружная избирательная комиссия №2,388
Сосновское,3 Окружная избирательная комиссия №3,379
Сосновское,3 Окружная избирательная комиссия №3,380
Сосновское,3 Окружная избирательная комиссия №3,383
Сосновское,3 Окружная избирательная комиссия №3,384
Сосновское,3 Окружная избирательная комиссия №3,391
Сосновское,3 Окружная избирательная комиссия №3,394
Сосновское,4 Окружная избирательная комиссия №4,392
Сосновское,4 Окружная избирательная комиссия №4,393
Сосновское,4 Окружная избирательная комиссия №4,395
Сосновское,4 Окружная избирательная комиссия №4,396
Сосновское,4 Окружная избирательная комиссия №4,397
Сосновское,4 Окружная избирательная комиссия №4,401
поселок Левашово,1 Окружная избирательная комиссия №1,290
№15,1 Окружная избирательная комиссия №1,211
№15,1 Окружная избирательная комиссия №1,217
№15,1 Окружная избирательная комиссия №1,218
№15,1 Окружная избирательная комиссия №1,219
№15,1 Окружная избирательная комиссия №1,220
№15,2 Окружная избирательная комиссия №2,199
№15,2 Окружная избирательная комиссия №2,200
№15,2 Окружная избирательная комиссия №2,208
№15,2 Окружная избирательная комиссия №2,209
№15,2 Окружная избирательная комиссия №2,210
№15,3 Окружная избирательная комиссия №3,201
№15,3 Окружная избирательная комиссия №3,202
№15,3 Окружная избирательная комиссия №3,203
№15,3 Окружная избирательная комиссия №3,204
№15,3 Окружная избирательная комиссия №3,205
№15,3 Окружная избирательная комиссия №3,206
№15,3 Окружная избирательная комиссия №3,207
№15,4 Окружная избирательная комиссия №4,212
№15,4 Окружная избирательная комиссия №4,213
№15,4 Окружная избирательная комиссия №4,214
№15,4 Окружная избирательная комиссия №4,215
№15,4 Окружная избирательная комиссия №4,216
Финляндский,53 Окружная избирательная комиссия №53,512
Финляндский,53 Окружная избирательная комиссия №53,513
Финляндский,53 Окружная избирательная комиссия №53,514
Финляндский,53 Окружная избирательная комиссия №53,515
Финляндский,53 Окружная избирательная комиссия №53,516
Финляндский,54 Окружная избирательная комиссия №54,517
Финляндский,54 Окружная избирательная комиссия №54,518
Финляндский,54 Окружная избирательная комиссия №54,519
Финляндский,54 Окружная избирательная комиссия №54,520
Финляндский,54 Окружная избирательная комиссия №54,525
Финляндский,55 Окружная избирательная комиссия №55,521
Финляндский,55 Окружная избирательная комиссия №55,522
Финляндский,55 Окружная избирательная комиссия №55,523
Финляндский,55 Окружная избирательная комиссия №55,524
Финляндский,55 Окружная избирательная комиссия №55,526
Финляндский,56 Окружная избирательная комиссия №56,527
Финляндский,56 Окружная избирательная комиссия №56,528
Финляндский,56 Окружная избирательная комиссия №56,529
Финляндский,56 Окружная избирательная комиссия №56,530
Финляндский,56 Окружная избирательная комиссия №56,531
Академическое,49 Окружная избирательная комиссия №49,422
Академическое,49 Окружная избирательная комиссия №49,423
Академическое,49 Окружная избирательная комиссия №49,424
Академическое,49 Окружная избирательная комиссия №49,425
Академическое,49 Окружная избирательная комиссия №49,426
Академическое,49 Окружная избирательная комиссия №49,427
Академическое,49 Окружная избирательная комиссия №49,428
Академическое,50 Окружная избирательная комиссия №50,437
Академическое,50 Окружная избирательная комиссия №50,438
Академическое,50 Окружная избирательная комиссия №50,439
Академическое,50 Окружная избирательная комиссия №50,440
Академическое,50 Окружная избирательная комиссия №50,441
Академическое,50 Окружная избирательная комиссия №50,442
Академическое,50 Окружная избирательная комиссия №50,443
Академическое,51 Окружная избирательная комиссия №51,429
Академическое,51 Окружная избирательная комиссия №51,430
Академическое,51 Окружная избирательная комиссия №51,431
Академическое,51 Окружная избирательная комиссия №51,432
Академическое,51 Окружная избирательная комиссия №51,433
Академическое,51 Окружная избирательная комиссия №51,434
Академическое,51 Окружная избирательная комиссия №51,435
Академическое,51 Окружная избирательная комиссия №51,436
Академическое,52 Окружная избирательная комиссия №52,414
Академическое,52 Окружная избирательная комиссия №52,415
Академическое,52 Окружная избирательная комиссия №52,416
Академическое,52 Окружная избирательная комиссия №52,417
Академическое,52 Окружная избирательная комиссия №52,418
Академическое,52 Окружная избирательная комиссия №52,419
Академическое,52 Окружная избирательная комиссия №52,420
Академическое,52 Окружная избирательная комиссия №52,421
Пискаревка,61 Окружная избирательная комиссия №61,532
Пискаревка,61 Окружная избирательная комиссия №61,533
Пискаревка,61 Окружная избирательная комиссия №61,534
Пискаревка,61 Окружная избирательная комиссия №61,535
Пискаревка,61 Окружная избирательная комиссия №61,536
Пискаревка,61 Окружная избирательная комиссия №61,537
Пискаревка,61 Окружная избирательная комиссия №61,538
Пискаревка,61 Окружная избирательная комиссия №61,539
Пискаревка,62 Окружная избирательная комиссия №62,540
Пискаревка,62 Окружная избирательная комиссия №62,541
Пискаревка,62 Окружная избирательная комиссия №62,542
Пискаревка,62 Окружная избирательная комиссия №62,543
Пискаревка,62 Окружная избирательная комиссия №62,544
Пискаревка,62 Окружная избирательная комиссия №62,545
Пискаревка,62 Окружная избирательная комиссия №62,546
Пискаревка,62 Окружная избирательная комиссия №62,547
Пискаревка,62 Окружная избирательная комиссия №62,548
Прометей,65 Окружная избирательная комиссия № 65,484
Прометей,65 Окружная избирательная комиссия № 65,485
Прометей,65 Окружная избирательная комиссия № 65,486
Прометей,65 Окружная избирательная комиссия № 65,487
Прометей,65 Окружная избирательная комиссия № 65,488
Прометей,65 Окружная избирательная комиссия № 65,489
Прометей,66 Окружная избирательная комиссия №66,490
Прометей,66 Окружная избирательная комиссия №66,491
Прометей,66 Окружная избирательная комиссия №66,492
Прометей,66 Окружная избирательная комиссия №66,493
Прометей,66 Окружная избирательная комиссия №66,494
Прометей,66 Окружная избирательная комиссия №66,495
Прометей,67 Окружная избирательная комиссия №67,496
Прометей,67 Окружная избирательная комиссия №67,497
Прометей,67 Окружная избирательная комиссия №67,498
Прометей,67 Окружная избирательная комиссия №67,499
Прометей,67 Окружная избирательная комиссия №67,500
Прометей,67 Окружная избирательная комиссия №67,501
Прометей,68 Окружная избирательная комиссия №68,502
Прометей,68 Окружная избирательная комиссия №68,503
Прометей,68 Окружная избирательная комиссия №68,504
Прометей,68 Окружная избирательная комиссия №68,505
Прометей,68 Окружная избирательная комиссия №68,506
Северный,63 Окружная избирательная комиссия №63,469
Северный,63 Окружная избирательная комиссия №63,470
Северный,63 Окружная избирательная комиссия №63,471
Северный,63 Окружная избирательная комиссия №63,472
Северный,63 Окружная избирательная комиссия №63,473
Северный,63 Окружная избирательная комиссия №63,474
Северный,63 Окружная избирательная комиссия №63,475
Северный,63 Окружная избирательная комиссия №63,476
Северный,64 Окружная избирательная комиссия №64,477
Северный,64 Окружная избирательная комиссия №64,478
Северный,64 Окружная избирательная комиссия №64,479
Северный,64 Окружная избирательная комиссия №64,480
Северный,64 Окружная избирательная комиссия №64,481
Северный,64 Окружная избирательная комиссия №64,482
Северный,64 Окружная избирательная комиссия №64,483
Гражданка,45 Окружная избирательная комиссия №45,549
Гражданка,45 Окружная избирательная комиссия №45,550
Гражданка,45 Окружная избирательная комиссия №45,551
Гражданка,45 Окружная избирательная комиссия №45,552
Гражданка,45 Окружная избирательная комиссия №45,553
Гражданка,45 Окружная избирательная комиссия №45,554
Гражданка,46 Окружная избирательная комиссия №46,555
Гражданка,46 Окружная избирательная комиссия №46,556
Гражданка,46 Окружная избирательная комиссия №46,557
Гражданка,46 Окружная избирательная комиссия №46,558
Гражданка,46 Окружная избирательная комиссия №46,559
Гражданка,47 Окружная избирательная комиссия №47,560
Гражданка,47 Окружная избирательная комиссия №47,561
Гражданка,47 Окружная избирательная комиссия №47,562
Гражданка,47 Окружная избирательная комиссия №47,563
Гражданка,47 Окружная избирательная комиссия №47,564
Гражданка,48 Окружная избирательная комиссия №48,565
Гражданка,48 Окружная избирательная комиссия №48,566
Гражданка,48 Окружная избирательная комиссия №48,567
Гражданка,48 Окружная избирательная комиссия №48,568
Гражданка,48 Окружная избирательная комиссия №48,569
№21,57 Окружная избирательная комиссия №57,445
№21,57 Окружная избирательная комиссия №57,446
№21,57 Окружная избирательная комиссия №57,447
№21,57 Окружная избирательная комиссия №57,448
№21,57 Окружная избирательная комиссия №57,449
№21,57 Окружная избирательная комиссия №57,463
№21,58 Окружная избирательная комиссия №58,450
№21,58 Окружная избирательная комиссия №58,451
№21,58 Окружная избирательная комиссия №58,452
№21,58 Окружная избирательная комиссия №58,453
№21,58 Окружная избирательная комиссия №58,455
№21,58 Окружная избирательная комиссия №58,461
№21,59 Окружная избирательная комиссия №59,454
№21,59 Окружная избирательная комиссия №59,456
№21,59 Окружная избирательная комиссия №59,457
№21,59 Окружная избирательная комиссия №59,458
№21,59 Окружная избирательная комиссия №59,459
№21,59 Окружная избирательная комиссия №59,460
№21,60 Окружная избирательная комиссия №60,444
№21,60 Окружная избирательная комиссия №60,462
№21,60 Окружная избирательная комиссия №60,464
№21,60 Окружная избирательная комиссия №60,465
№21,60 Окружная избирательная комиссия №60,466
№21,60 Окружная избирательная комиссия №60,467
№21,60 Окружная избирательная комиссия №60,468
Нарвский,1 Окружная избирательная комиссия №1,576
Нарвский,1 Окружная избирательная комиссия №1,577
Нарвский,1 Окружная избирательная комиссия №1,578
Нарвский,1 Окружная избирательная комиссия №1,579
Нарвский,1 Окружная избирательная комиссия №1,580
Нарвский,1 Окружная избирательная комиссия №1,581
Нарвский,2 Окружная избирательная комиссия №2,582
Нарвский,2 Окружная избирательная комиссия №2,583
Нарвский,2 Окружная избирательная комиссия №2,584
Нарвский,2 Окружная избирательная комиссия №2,585
Нарвский,2 Окружная избирательная комиссия №2,586
Нарвский,2 Окружная избирательная комиссия №2,587
Ульянка,73 Окружная избирательная комиссия №73,757
Ульянка,73 Окружная избирательная комиссия №73,758
Ульянка,73 Окружная избирательная комиссия №73,759
Ульянка,73 Окружная избирательная комиссия №73,760
Ульянка,73 Окружная избирательная комиссия №73,761
Ульянка,73 Окружная избирательная комиссия №73,762
Ульянка,73 Окружная избирательная комиссия №73,763
Ульянка,74 Окружная избирательная комиссия №74,764
Ульянка,74 Окружная избирательная комиссия №74,765
Ульянка,74 Окружная избирательная комиссия №74,766
Ульянка,74 Окружная избирательная комиссия №74,767
Ульянка,74 Окружная избирательная комиссия №74,768
Ульянка,74 Окружная избирательная комиссия №74,769
Ульянка,74 Окружная избирательная комиссия №74,770
Ульянка,75 Окружная избирательная комиссия №75,771
Ульянка,75 Окружная избирательная комиссия №75,772
Ульянка,75 Окружная избирательная комиссия №75,773
Ульянка,75 Окружная избирательная комиссия №75,774
Ульянка,75 Окружная избирательная комиссия №75,775
Ульянка,75 Окружная избирательная комиссия №75,776
Ульянка,75 Окружная избирательная комиссия №75,777
Ульянка,75 Окружная избирательная комиссия №75,778
Ульянка,76 Окружная избирательная комиссия №76,779
Ульянка,76 Окружная избирательная комиссия №76,780
Ульянка,76 Окружная избирательная комиссия №76,781
Ульянка,76 Окружная избирательная комиссия №76,782
Ульянка,76 Окружная избирательная комиссия №76,783
Ульянка,76 Окружная избирательная комиссия №76,784
Ульянка,76 Окружная избирательная комиссия №76,785
Ульянка,76 Окружная избирательная комиссия №76,786
Княжево,1 Окружная избирательная комиссия №1,611
Княжево,1 Окружная избирательная комиссия №1,612
Княжево,1 Окружная избирательная комиссия №1,613
Княжево,1 Окружная избирательная комиссия №1,614
Княжево,1 Окружная избирательная комиссия №1,615
Княжево,1 Окружная избирательная комиссия №1,617
Княжево,2 Окружная избирательная комиссия №2,616
Княжево,2 Окружная избирательная комиссия №2,618
Княжево,2 Окружная избирательная комиссия №2,619
Княжево,2 Окружная избирательная комиссия №2,620
Княжево,2 Окружная избирательная комиссия №2,621
Княжево,3 Окружная избирательная комиссия №3,622
Княжево,3 Окружная избирательная комиссия №3,623
Княжево,3 Окружная избирательная комиссия №3,624
Княжево,3 Окружная избирательная комиссия №3,625
Княжево,3 Окружная избирательная комиссия №3,626
Княжево,3 Окружная избирательная комиссия №3,627
Княжево,4 Окружная избирательная комиссия №4,628
Княжево,4 Окружная избирательная комиссия №4,629
Княжево,4 Окружная избирательная комиссия №4,630
Княжево,4 Окружная избирательная комиссия №4,631
Княжево,4 Окружная избирательная комиссия №4,632
Дачное,77 Окружная избирательная комиссия №77,787
Дачное,77 Окружная избирательная комиссия №77,788
Дачное,77 Окружная избирательная комиссия №77,789
Дачное,77 Окружная избирательная комиссия №77,790
Дачное,77 Окружная избирательная комиссия №77,791
Дачное,77 Окружная избирательная комиссия №77,792
Дачное,77 Окружная избирательная комиссия №77,793
Дачное,78 Окружная избирательная комиссия №78,794
Дачное,78 Окружная избирательная комиссия №78,795
Дачное,78 Окружная избирательная комиссия №78,796
Дачное,78 Окружная избирательная комиссия №78,797
Дачное,78 Окружная избирательная комиссия №78,798
Дачное,78 Окружная избирательная комиссия №78,799
Дачное,78 Окружная избирательная комиссия №78,800
Дачное,79 Окружная избирательная комиссия №79,801
Дачное,79 Окружная избирательная комиссия №79,802
Дачное,79 Окружная избирательная комиссия №79,803
Дачное,79 Окружная избирательная комиссия №79,804
Дачное,79 Окружная избирательная комиссия №79,805
Дачное,79 Окружная избирательная комиссия №79,806
Дачное,79 Окружная избирательная комиссия №79,807
Дачное,80 Окружная избирательная комиссия №80,808
Дачное,80 Окружная избирательная комиссия №80,809
Дачное,80 Окружная избирательная комиссия №80,810
Дачное,80 Окружная избирательная комиссия №80,811
Дачное,80 Окружная избирательная комиссия №80,812
Дачное,80 Окружная избирательная комиссия №80,813
Дачное,80 Окружная избирательная комиссия №80,814
Красненькая речка,1 Окружная избирательная комиссия №1,633
Красненькая речка,1 Окружная избирательная комиссия №1,634
Красненькая речка,1 Окружная избирательная комиссия №1,635
Красненькая речка,1 Окружная избирательная комиссия №1,636
Красненькая речка,1 Окружная избирательная комиссия №1,637
Красненькая речка,1 Окружная избирательная комиссия №1,638
Красненькая речка,2 Окружная избирательная комиссия №2,639
Красненькая речка,2 Окружная избирательная комиссия №2,640
Красненькая речка,2 Окружная избирательная комиссия №2,641
Красненькая речка,2 Окружная избирательная комиссия №2,642
Красненькая речка,2 Окружная избирательная комиссия №2,643
Красненькая речка,2 Окружная избирательная комиссия №2,644
Морские ворота,89 Окружная избирательная комиссия №89,588
Морские ворота,89 Окружная избирательная комиссия №89,589
Морские ворота,90 Окружная избирательная комиссия №90,590
Морские ворота,90 Окружная избирательная комиссия №90,591
города Колпино,1 Окружная избирательная комиссия №1,830
города Колпино,1 Окружная избирательная комиссия №1,832
города Колпино,1 Окружная избирательная комиссия №1,833
города Колпино,1 Окружная избирательная комиссия №1,834
города Колпино,1 Окружная избирательная комиссия №1,835
города Колпино,1 Окружная избирательная комиссия №1,836
города Колпино,1 Окружная избирательная комиссия №1,837
города Колпино,1 Окружная избирательная комиссия №1,838
города Колпино,1 Окружная избирательная комиссия №1,839
города Колпино,1 Окружная избирательная комиссия №1,841
города Колпино,2 Окружная избирательная комиссия №2,826
города Колпино,2 Окружная избирательная комиссия №2,827
города Колпино,2 Окружная избирательная комиссия №2,828
города Колпино,2 Окружная избирательная комиссия №2,829
города Колпино,2 Окружная избирательная комиссия №2,831
города Колпино,2 Окружная избирательная комиссия №2,840
города Колпино,2 Окружная избирательная комиссия №2,843
города Колпино,2 Окружная избирательная комиссия №2,847
города Колпино,2 Окружная избирательная комиссия №2,848
города Колпино,2 Окружная избирательная комиссия №2,870
города Колпино,2 Окружная избирательная комиссия №2,875
города Колпино,3 Окружная избирательная комиссия №3,842
города Колпино,3 Окружная избирательная комиссия №3,844
города Колпино,3 Окружная избирательная комиссия №3,845
города Колпино,3 Окружная избирательная комиссия №3,846
города Колпино,3 Окружная избирательная комиссия №3,849
города Колпино,3 Окружная избирательная комиссия №3,850
города Колпино,3 Окружная избирательная комиссия №3,851
города Колпино,3 Окружная избирательная комиссия №3,855
города Колпино,3 Окружная избирательная комиссия №3,857
города Колпино,4 Окружная избирательная комиссия №4,852
города Колпино,4 Окружная избирательная комиссия №4,853
города Колпино,4 Окружная избирательная комиссия №4,854
города Колпино,4 Окружная избирательная комиссия №4,858
города Колпино,4 Окружная избирательная комиссия №4,859
города Колпино,4 Окружная избирательная комиссия №4,860
города Колпино,4 Окружная избирательная комиссия №4,861
города Колпино,4 Окружная избирательная комиссия №4,862
города Колпино,4 Окружная избирательная комиссия №4,863
города Колпино,4 Окружная избирательная комиссия №4,864
города Колпино,5 Окружная избирательная комиссия №5,856
города Колпино,5 Окружная избирательная комиссия №5,865
города Колпино,5 Окружная избирательная комиссия №5,866
города Колпино,5 Окружная избирательная комиссия №5,867
города Колпино,5 Окружная избирательная комиссия №5,868
города Колпино,5 Окружная избирательная комиссия №5,869
города Колпино,5 Окружная избирательная комиссия №5,871
города Колпино,5 Окружная избирательная комиссия №5,872
города Колпино,5 Окружная избирательная комиссия №5,873
города Колпино,5 Окружная избирательная комиссия №5,874
поселка Петро-Славянка,1 Окружная избирательная комиссия №1,892
поселка Понтонный,1 Окружная избирательная комиссия №1,879
поселка Понтонный,1 Окружная избирательная комиссия №1,880
поселка Понтонный,2 Окружная избирательная комиссия №2,877
поселка Понтонный,2 Окружная избирательная комиссия №2,878
поселка Усть-Ижора,1 Окружная избирательная комиссия №1,881
поселок Металлострой,1 Окружная избирательная комиссия №1,882
поселок Металлострой,1 Окружная избирательная комиссия №1,883
поселок Металлострой,1 Окружная избирательная комиссия №1,884
поселок Металлострой,1 Окружная избирательная комиссия №1,885
поселок Металлострой,1 Окружная избирательная комиссия №1,886
поселок Металлострой,2 Окружная избирательная комиссия №2,887
поселок Металлострой,2 Окружная избирательная комиссия №2,888
поселок Металлострой,2 Окружная избирательная комиссия №2,889
поселок Металлострой,2 Окружная избирательная комиссия №2,890
поселок Металлострой,2 Окружная избирательная комиссия №2,891
Большая Охта,1 Окружная избирательная комиссия №1,921
Большая Охта,1 Окружная избирательная комиссия №1,922
Большая Охта,2 Окружная избирательная комиссия №2,923
Большая Охта,2 Окружная избирательная комиссия №2,924
Большая Охта,3 Окружная избирательная комиссия №3,925
Большая Охта,3 Окружная избирательная комиссия №3,926
Большая Охта,4 Окружная избирательная комиссия №4,927
Большая Охта,4 Окружная избирательная комиссия №4,928
Большая Охта,5 Окружная избирательная комиссия №5,929
Большая Охта,5 Окружная избирательная комиссия №5,930
Большая Охта,6 Окружная избирательная комиссия №6,931
Большая Охта,6 Окружная избирательная комиссия №6,932
Большая Охта,7 Окружная избирательная комиссия №7,933
Большая Охта,7 Окружная избирательная комиссия №7,934
Большая Охта,8 Окружная избирательная комиссия №8,935
Большая Охта,8 Окружная избирательная комиссия №8,936
Большая Охта,9 Окружная избирательная комиссия №9,937
Большая Охта,9 Окружная избирательная комиссия №9,938
Большая Охта,10 Окружная избирательная комиссия №10,939
Большая Охта,10 Окружная избирательная комиссия №10,940
Малая Охта,1 Окружная избирательная комиссия №1,941
Малая Охта,1 Окружная избирательная комиссия №1,942
Малая Охта,1 Окружная избирательная комиссия №1,943
Малая Охта,1 Окружная избирательная комиссия №1,944
Малая Охта,2 Окружная избирательная комиссия №2,945
Малая Охта,2 Окружная избирательная комиссия №2,946
Малая Охта,2 Окружная избирательная комиссия №2,947
Малая Охта,2 Окружная избирательная комиссия №2,948
Малая Охта,2 Окружная избирательная комиссия №2,949
Малая Охта,3 Окружная избирательная комиссия №3,950
Малая Охта,3 Окружная избирательная комиссия №3,951
Малая Охта,3 Окружная избирательная комиссия №3,952
Малая Охта,3 Окружная избирательная комиссия №3,953
Малая Охта,4 Окружная избирательная комиссия №4,954
Малая Охта,4 Окружная избирательная комиссия №4,955
Малая Охта,4 Окружная избирательная комиссия №4,956
Малая Охта,4 Окружная избирательная комиссия №4,957
Полюстрово,1 Окружная избирательная комиссия №1,901
Полюстрово,1 Окружная избирательная комиссия №1,902
Полюстрово,1 Окружная избирательная комиссия №1,903
Полюстрово,1 Окружная избирательная комиссия №1,904
Полюстрово,1 Окружная избирательная комиссия №1,905
Полюстрово,2 Окружная избирательная комиссия №2,906
Полюстрово,2 Окружная избирательная комиссия №2,907
Полюстрово,2 Окружная избирательная комиссия №2,908
Полюстрово,2 Окружная избирательная комиссия №2,909
Полюстрово,2 Окружная избирательная комиссия №2,910
Полюстрово,3 Окружная избирательная комиссия №3,911
Полюстрово,3 Окружная избирательная комиссия №3,912
Полюстрово,3 Окружная избирательная комиссия №3,913
Полюстрово,3 Окружная избирательная комиссия №3,914
Полюстрово,3 Окружная избирательная комиссия №3,915
Полюстрово,4 Окружная избирательная комиссия №4,916
Полюстрово,4 Окружная избирательная комиссия №4,917
Полюстрово,4 Окружная избирательная комиссия №4,918
Полюстрово,4 Окружная избирательная комиссия №4,919
Полюстрово,4 Окружная избирательная комиссия №4,920
Пороховые,108 Окружная избирательная комиссия №108,976
Пороховые,108 Окружная избирательная комиссия №108,977
Пороховые,108 Окружная избирательная комиссия №108,978
Пороховые,108 Окружная избирательная комиссия №108,979
Пороховые,108 Окружная избирательная комиссия №108,980
Пороховые,108 Окружная избирательная комиссия №108,981
Пороховые,108 Окружная избирательная комиссия №108,982
Пороховые,108 Окружная избирательная комиссия №108,983
Пороховые,108 Окружная избирательная комиссия №108,984
Пороховые,108 Окружная избирательная комиссия №108,985
Пороховые,108 Окружная избирательная комиссия №108,986
Пороховые,108 Окружная избирательная комиссия №108,997
Пороховые,108 Окружная избирательная комиссия №108,998
Пороховые,109 Окружная избирательная комиссия №109,973
Пороховые,109 Окружная избирательная комиссия №109,974
Пороховые,109 Окружная избирательная комиссия №109,975
Пороховые,109 Окружная избирательная комиссия №109,987
Пороховые,109 Окружная избирательная комиссия №109,988
Пороховые,109 Окружная избирательная комиссия №109,989
Пороховые,109 Окружная избирательная комиссия №109,990
Пороховые,109 Окружная избирательная комиссия №109,991
Пороховые,109 Окружная избирательная комиссия №109,992
Пороховые,109 Окружная избирательная комиссия №109,993
Пороховые,109 Окружная избирательная комиссия №109,994
Пороховые,109 Окружная избирательная комиссия №109,995
Пороховые,109 Окружная избирательная комиссия №109,996
Пороховые,110 Окружная избирательная комиссия №110,999
Пороховые,110 Окружная избирательная комиссия №110,1000
Пороховые,110 Окружная избирательная комиссия №110,1001
Пороховые,110 Окружная избирательная комиссия №110,1002
Пороховые,110 Окружная избирательная комиссия №110,1003
Пороховые,110 Окружная избирательная комиссия №110,1004
Пороховые,110 Окружная избирательная комиссия №110,1005
Пороховые,110 Окружная избирательная комиссия №110,1006
Пороховые,110 Окружная избирательная комиссия №110,1007
Пороховые,110 Окружная избирательная комиссия №110,1008
Пороховые,110 Окружная избирательная комиссия №110,1009
Пороховые,110 Окружная избирательная комиссия №110,1010
Пороховые,111 Окружная избирательная комиссия №111,1011
Пороховые,111 Окружная избирательная комиссия №111,1012
Пороховые,111 Окружная избирательная комиссия №111,1013
Пороховые,111 Окружная избирательная комиссия №111,1014
Пороховые,111 Окружная избирательная комиссия №111,1015
Пороховые,111 Окружная избирательная комиссия №111,1016
Пороховые,111 Окружная избирательная комиссия №111,1017
Пороховые,111 Окружная избирательная комиссия №111,1018
Пороховые,111 Окружная избирательная комиссия №111,1019
Пороховые,111 Окружная избирательная комиссия №111,1020
Пороховые,111 Окружная избирательная комиссия №111,1021
Пороховые,111 Окружная избирательная комиссия №111,1022
Пороховые,111 Окружная избирательная комиссия №111,1023
Ржевка,112 Окружная избирательная комиссия №112,1041
Ржевка,112 Окружная избирательная комиссия №112,1042
Ржевка,112 Окружная избирательная комиссия №112,1043
Ржевка,112 Окружная избирательная комиссия №112,1044
Ржевка,112 Окружная избирательная комиссия №112,1045
Ржевка,112 Окружная избирательная комиссия №112,1046
Ржевка,112 Окружная избирательная комиссия №112,1047
Ржевка,113 Окружная избирательная комиссия №113,1035
Ржевка,113 Окружная избирательная комиссия №113,1036
Ржевка,113 Окружная избирательная комиссия №113,1037
Ржевка,113 Окружная избирательная комиссия №113,1038
Ржевка,113 Окружная избирательная комиссия №113,1039
Ржевка,113 Окружная избирательная комиссия №113,1040
Ржевка,114 Окружная избирательная комиссия №114,1030
Ржевка,114 Окружная избирательная комиссия №114,1031
Ржевка,114 Окружная избирательная комиссия №114,1032
Ржевка,114 Окружная избирательная комиссия №114,1033
Ржевка,114 Окружная избирательная комиссия №114,1034
Ржевка,115 Окружная избирательная комиссия №115,1024
Ржевка,115 Окружная избирательная комиссия №115,1025
Ржевка,115 Окружная избирательная комиссия №115,1026
Ржевка,115 Окружная избирательная комиссия №115,1027
Ржевка,115 Окружная избирательная комиссия №115,1028
Ржевка,115 Окружная избирательная комиссия №115,1029
города Красное Село,1 Окружная избирательная комиссия №1,1193
города Красное Село,1 Окружная избирательная комиссия №1,1194
города Красное Село,1 Окружная избирательная комиссия №1,1195
города Красное Село,1 Окружная избирательная комиссия №1,1196
города Красное Село,1 Окружная избирательная комиссия №1,1198
города Красное Село,1 Окружная избирательная комиссия №1,1199
города Красное Село,1 Окружная избирательная комиссия №1,1200
города Красное Село,1 Окружная избирательная комиссия №1,1201
города Красное Село,1 Окружная избирательная комиссия №1,1202
города Красное Село,1 Окружная избирательная комиссия №1,1203
города Красное Село,1 Окружная избирательная комиссия №1,1204
города Красное Село,1 Окружная избирательная комиссия №1,1205
города Красное Село,2 Окружная избирательная комиссия №2,1197
города Красное Село,2 Окружная избирательная комиссия №2,1206
города Красное Село,2 Окружная избирательная комиссия №2,1207
города Красное Село,2 Окружная избирательная комиссия №2,1208
города Красное Село,2 Окружная избирательная комиссия №2,1209
города Красное Село,2 Окружная избирательная комиссия №2,1210
города Красное Село,2 Окружная избирательная комиссия №2,1211
города Красное Село,2 Окружная избирательная комиссия №2,1212
города Красное Село,2 Окружная избирательная комиссия №2,1213
города Красное Село,2 Окружная избирательная комиссия №2,1214
города Красное Село,2 Окружная избирательная комиссия №2,1215
города Красное Село,2 Окружная избирательная комиссия №2,1216
Константиновское,1 Окружная избирательная комиссия №1,1165
Константиновское,1 Окружная избирательная комиссия №1,1166
Константиновское,1 Окружная избирательная комиссия №1,1167
Константиновское,1 Окружная избирательная комиссия №1,1168
Константиновское,1 Окружная избирательная комиссия №1,1169
Константиновское,1 Окружная избирательная комиссия №1,1170
Константиновское,2 Окружная избирательная комиссия №2,1171
Константиновское,2 Окружная избирательная комиссия №2,1172
Константиновское,2 Окружная избирательная комиссия №2,1173
Константиновское,2 Окружная избирательная комиссия №2,1174
Константиновское,2 Окружная избирательная комиссия №2,1175
Константиновское,2 Окружная избирательная комиссия №2,1176
Константиновское,2 Окружная избирательная комиссия №2,1177
Константиновское,2 Окружная избирательная комиссия №2,1178
СОСНОВАЯ ПОЛЯНА,1 Окружная избирательная комиссия №1,1086
СОСНОВАЯ ПОЛЯНА,1 Окружная избирательная комиссия №1,1087
СОСНОВАЯ ПОЛЯНА,1 Окружная избирательная комиссия №1,1088
СОСНОВАЯ ПОЛЯНА,1 Окружная избирательная комиссия №1,1092
СОСНОВАЯ ПОЛЯНА,1 Окружная избирательная комиссия №1,1093
СОСНОВАЯ ПОЛЯНА,1 Окружная избирательная комиссия №1,1094
СОСНОВАЯ ПОЛЯНА,1 Окружная избирательная комиссия №1,1096
СОСНОВАЯ ПОЛЯНА,1 Окружная избирательная комиссия №1,1097
СОСНОВАЯ ПОЛЯНА,2 Окружная избирательная комиссия №2,1089
СОСНОВАЯ ПОЛЯНА,2 Окружная избирательная комиссия №2,1090
СОСНОВАЯ ПОЛЯНА,2 Окружная избирательная комиссия №2,1091
СОСНОВАЯ ПОЛЯНА,2 Окружная избирательная комиссия №2,1095
СОСНОВАЯ ПОЛЯНА,2 Окружная избирательная комиссия №2,1098
СОСНОВАЯ ПОЛЯНА,2 Окружная избирательная комиссия №2,1099
СОСНОВАЯ ПОЛЯНА,2 Окружная избирательная комиссия №2,1100
СОСНОВАЯ ПОЛЯНА,2 Окружная избирательная комиссия №2,1101
СОСНОВАЯ ПОЛЯНА,2 Окружная избирательная комиссия №2,1102
Урицк,1 Окружная избирательная комиссия №1,1145
Урицк,1 Окружная избирательная комиссия №1,1146
Урицк,1 Окружная избирательная комиссия №1,1147
Урицк,1 Окружная избирательная комиссия №1,1148
Урицк,1 Окружная избирательная комиссия №1,1149
Урицк,1 Окружная избирательная комиссия №1,1150
Урицк,1 Окружная избирательная комиссия №1,1151
Урицк,1 Окружная избирательная комиссия №1,1152
Урицк,1 Окружная избирательная комиссия №1,1153
Урицк,2 Окружная избирательная комиссия №2,1154
Урицк,2 Окружная избирательная комиссия №2,1155
Урицк,2 Окружная избирательная комиссия №2,1156
Урицк,2 Окружная избирательная комиссия №2,1157
Урицк,2 Окружная избирательная комиссия №2,1158
Урицк,2 Окружная избирательная комиссия №2,1159
Урицк,2 Окружная избирательная комиссия №2,1160
Урицк,2 Окружная избирательная комиссия №2,1161
Урицк,2 Окружная избирательная комиссия №2,1162
Урицк,2 Окружная избирательная комиссия №2,1163
ЮГО-ЗАПАД,1 Окружная избирательная комиссия №1,1058
ЮГО-ЗАПАД,1 Окружная избирательная комиссия №1,1059
ЮГО-ЗАПАД,1 Окружная избирательная комиссия №1,1060
ЮГО-ЗАПАД,1 Окружная избирательная комиссия №1,1061
ЮГО-ЗАПАД,1 Окружная избирательная комиссия №1,1062
ЮГО-ЗАПАД,1 Окружная избирательная комиссия №1,1063
ЮГО-ЗАПАД,2 Окружная избирательная комиссия №2,1064
ЮГО-ЗАПАД,2 Окружная избирательная комиссия №2,1065
ЮГО-ЗАПАД,2 Окружная избирательная комиссия №2,1066
ЮГО-ЗАПАД,2 Окружная избирательная комиссия №2,1067
ЮГО-ЗАПАД,2 Окружная избирательная комиссия №2,1068
ЮГО-ЗАПАД,2 Окружная избирательная комиссия №2,1069
ЮГО-ЗАПАД,2 Окружная избирательная комиссия №2,1070
ЮГО-ЗАПАД,3 Окружная избирательная комиссия №3,1072
ЮГО-ЗАПАД,3 Окружная избирательная комиссия №3,1073
ЮГО-ЗАПАД,3 Окружная избирательная комиссия №3,1074
ЮГО-ЗАПАД,3 Окружная избирательная комиссия №3,1075
ЮГО-ЗАПАД,3 Окружная избирательная комиссия №3,1076
ЮГО-ЗАПАД,3 Окружная избирательная комиссия №3,1077
ЮГО-ЗАПАД,4 Окружная избирательная комиссия №4,1071
ЮГО-ЗАПАД,4 Окружная избирательная комиссия №4,1078
ЮГО-ЗАПАД,4 Окружная избирательная комиссия №4,1079
ЮГО-ЗАПАД,4 Окружная избирательная комиссия №4,1080
ЮГО-ЗАПАД,4 Окружная избирательная комиссия №4,1081
ЮГО-ЗАПАД,4 Окружная избирательная комиссия №4,1082
Южно-Приморский,1 Окружная избирательная комиссия №1,1104
Южно-Приморский,1 Окружная избирательная комиссия №1,1105
Южно-Приморский,1 Окружная избирательная комиссия №1,1113
Южно-Приморский,1 Окружная избирательная комиссия №1,1114
Южно-Приморский,1 Окружная избирательная комиссия №1,1116
Южно-Приморский,1 Окружная избирательная комиссия №1,1124
Южно-Приморский,2 Окружная избирательная комиссия №2,1103
Южно-Приморский,2 Окружная избирательная комиссия №2,1106
Южно-Приморский,2 Окружная избирательная комиссия №2,1107
Южно-Приморский,2 Окружная избирательная комиссия №2,1117
Южно-Приморский,2 Окружная избирательная комиссия №2,1118
Южно-Приморский,3 Окружная избирательная комиссия №3,1115
Южно-Приморский,3 Окружная избирательная комиссия №3,1122
Южно-Приморский,3 Окружная избирательная комиссия №3,1123
Южно-Приморский,3 Окружная избирательная комиссия №3,1125
Южно-Приморский,3 Окружная избирательная комиссия №3,1126
Южно-Приморский,3 Окружная избирательная комиссия №3,1127
Южно-Приморский,3 Окружная избирательная комиссия №3,1128
Южно-Приморский,4 Окружная избирательная комиссия №4,1111
Южно-Приморский,4 Окружная избирательная комиссия №4,1119
Южно-Приморский,4 Окружная избирательная комиссия №4,1120
Южно-Приморский,4 Окружная избирательная комиссия №4,1121
Южно-Приморский,4 Окружная избирательная комиссия №4,1129
Южно-Приморский,4 Окружная избирательная комиссия №4,1130
Южно-Приморский,5 Окружная избирательная комиссия №5,1108
Южно-Приморский,5 Окружная избирательная комиссия №5,1109
Южно-Приморский,5 Окружная избирательная комиссия №5,1110
Южно-Приморский,5 Окружная избирательная комиссия №5,1112
Южно-Приморский,5 Окружная избирательная комиссия №5,1131
Южно-Приморский,5 Окружная избирательная комиссия №5,1132
МО Горелово,1 Окружная избирательная комиссия №1,1179
МО Горелово,1 Окружная избирательная комиссия №1,1180
МО Горелово,1 Окружная избирательная комиссия №1,1181
МО Горелово,1 Окружная избирательная комиссия №1,1182
МО Горелово,1 Окружная избирательная комиссия №1,1183
МО Горелово,1 Окружная избирательная комиссия №1,1185
МО Горелово,2 Окружная избирательная комиссия №2,1184
МО Горелово,2 Окружная избирательная комиссия №2,1186
МО Горелово,2 Окружная избирательная комиссия №2,1187
МО Горелово,2 Окружная избирательная комиссия №2,1188
МО Горелово,2 Окружная избирательная комиссия №2,1189
№ 15,1 Окружная избирательная комиссия №1,1220
№ 15,1 Окружная избирательная комиссия №1,1221
№ 15,1 Окружная избирательная комиссия №1,1222
№ 15,1 Окружная избирательная комиссия №1,1223
№ 15,1 Окружная избирательная комиссия №1,1224
№ 15,1 Окружная избирательная комиссия №1,1225
№ 15,1 Окружная избирательная комиссия №1,1226
№ 15,1 Окружная избирательная комиссия №1,1227
№ 15,1 Окружная избирательная комиссия №1,1228
№ 15,1 Окружная избирательная комиссия №1,1229
№ 15,2 Окружная избирательная комиссия №2,1230
№ 15,2 Окружная избирательная комиссия №2,1231
№ 15,2 Окружная избирательная комиссия №2,1232
№ 15,2 Окружная избирательная комиссия №2,1233
№ 15,2 Окружная избирательная комиссия №2,1234
№ 15,2 Окружная избирательная комиссия №2,1235
№ 15,2 Окружная избирательная комиссия №2,1236
№ 15,2 Окружная избирательная комиссия №2,1237
п. Песочный,1 Окружная избирательная комиссия №1,1256
п. Песочный,1 Окружная избирательная комиссия №1,1257
п. Песочный,2 Окружная избирательная комиссия №2,1258
п. Песочный,2 Окружная избирательная комиссия №2,1259
п. Репино,1 Окружная избирательная комиссия №1,1260
г. Зеленогорск,1 Окружная избирательная комиссия №1,1262
г. Зеленогорск,1 Окружная избирательная комиссия №1,1263
г. Зеленогорск,2 Окружная избирательная комиссия №2,1264
г. Зеленогорск,2 Окружная избирательная комиссия №2,1265
г. Зеленогорск,2 Окружная избирательная комиссия №2,1266
г. Зеленогорск,2 Окружная избирательная комиссия №2,1267
г. Зеленогорск,2 Окружная избирательная комиссия №2,1268
п. Белоостров,1 Окружная избирательная комиссия №1,1254
п. Комарово,1 Окружная избирательная комиссия №1,1261
п. Серово,1 Окружная избирательная комиссия №1,1270
п. Смолячково,1 Окружная избирательная комиссия №1,1272
п. Ушково,1 Окружная избирательная комиссия №1,1269
п. Молодёжное,1 Окружная избирательная комиссия №1,1271
г. Сестрорецка,1 Окружная избирательная комиссия №1,1239
г. Сестрорецка,1 Окружная избирательная комиссия №1,1240
г. Сестрорецка,1 Окружная избирательная комиссия №1,1241
г. Сестрорецка,1 Окружная избирательная комиссия №1,1242
г. Сестрорецка,1 Окружная избирательная комиссия №1,1243
г. Сестрорецка,1 Окружная избирательная комиссия №1,1244
г. Сестрорецка,1 Окружная избирательная комиссия №1,1245
г. Сестрорецка,2 Окружная избирательная комиссия №2,1246
г. Сестрорецка,2 Окружная избирательная комиссия №2,1247
г. Сестрорецка,2 Окружная избирательная комиссия №2,1248
г. Сестрорецка,2 Окружная избирательная комиссия №2,1249
г. Сестрорецка,2 Окружная избирательная комиссия №2,1250
г. Сестрорецка,2 Окружная избирательная комиссия №2,1251
г. Сестрорецка,2 Окружная избирательная комиссия №2,1252
г. Сестрорецка,2 Окружная избирательная комиссия №2,1253
Гагаринское,1 Окружная избирательная комиссия №1,1300
Гагаринское,1 Окружная избирательная комиссия №1,1301
Гагаринское,1 Окружная избирательная комиссия №1,1302
Гагаринское,1 Окружная избирательная комиссия №1,1303
Гагаринское,1 Окружная избирательная комиссия №1,1304
Гагаринское,1 Окружная избирательная комиссия №1,1305
Гагаринское,2 Окружная избирательная комиссия №2,1306
Гагаринское,2 Окружная избирательная комиссия №2,1307
Гагаринское,2 Окружная избирательная комиссия №2,1308
Гагаринское,2 Окружная избирательная комиссия №2,1309
Гагаринское,2 Окружная избирательная комиссия №2,1310
Гагаринское,2 Окружная избирательная комиссия №2,1311
Гагаринское,3 Окружная избирательная комиссия №3,1312
Гагаринское,3 Окружная избирательная комиссия №3,1313
Гагаринское,3 Окружная избирательная комиссия №3,1314
Гагаринское,3 Окружная избирательная комиссия №3,1315
Гагаринское,3 Окружная избирательная комиссия №3,1316
Гагаринское,3 Окружная избирательная комиссия №3,1317
Гагаринское,3 Окружная избирательная комиссия №3,1318
Гагаринское,4 Окружная избирательная комиссия №4,1319
Гагаринское,4 Окружная избирательная комиссия №4,1320
Гагаринское,4 Окружная избирательная комиссия №4,1321
Гагаринское,4 Окружная избирательная комиссия №4,1322
Гагаринское,4 Окружная избирательная комиссия №4,1323
Гагаринское,4 Окружная избирательная комиссия №4,1324
Звездное,1 Окружная избирательная комиссия №1,1325
Звездное,1 Окружная избирательная комиссия №1,1326
Звездное,1 Окружная избирательная комиссия №1,1327
Звездное,1 Окружная избирательная комиссия №1,1328
Звездное,1 Окружная избирательная комиссия №1,1329
Звездное,1 Окружная избирательная комиссия №1,1330
Звездное,1 Окружная избирательная комиссия №1,1332
Звездное,2 Окружная избирательная комиссия №2,1331
Звездное,2 Окружная избирательная комиссия №2,1333
Звездное,2 Окружная избирательная комиссия №2,1334
Звездное,2 Окружная избирательная комиссия №2,1335
Звездное,2 Окружная избирательная комиссия №2,1336
Звездное,2 Окружная избирательная комиссия №2,1337
Звездное,2 Окружная избирательная комиссия №2,1341
Звездное,3 Окружная избирательная комиссия №3,1338
Звездное,3 Окружная избирательная комиссия №3,1339
Звездное,3 Окружная избирательная комиссия №3,1340
Звездное,3 Окружная избирательная комиссия №3,1342
Звездное,3 Окружная избирательная комиссия №3,1343
Звездное,3 Окружная избирательная комиссия №3,1346
Звездное,3 Окружная избирательная комиссия №3,1352
Звездное,4 Окружная избирательная комиссия №4,1344
Звездное,4 Окружная избирательная комиссия №4,1345
Звездное,4 Окружная избирательная комиссия №4,1347
Звездное,4 Окружная избирательная комиссия №4,1348
Звездное,4 Окружная избирательная комиссия №4,1349
Звездное,4 Окружная избирательная комиссия №4,1350
Звездное,4 Окружная избирательная комиссия №4,1351
Московская застава,1 Окружная избирательная комиссия №1,1279
Московская застава,1 Окружная избирательная комиссия №1,1280
Московская застава,1 Окружная избирательная комиссия №1,1281
Московская застава,1 Окружная избирательная комиссия №1,1282
Московская застава,1 Окружная избирательная комиссия №1,1283
Московская застава,2 Окружная избирательная комиссия №2,1284
Московская застава,2 Окружная избирательная комиссия №2,1285
Московская застава,2 Окружная избирательная комиссия №2,1286
Московская застава,2 Окружная избирательная комиссия №2,1287
Московская застава,2 Окружная избирательная комиссия №2,1288
Московская застава,2 Окружная избирательная комиссия №2,1289
Московская застава,3 Окружная избирательная комиссия №3,1290
Московская застава,3 Окружная избирательная комиссия №3,1291
Московская застава,3 Окружная избирательная комиссия №3,1292
Московская застава,3 Окружная избирательная комиссия №3,1293
Московская застава,3 Окружная избирательная комиссия №3,1294
Московская застава,4 Окружная избирательная комиссия №4,1295
Московская застава,4 Окружная избирательная комиссия №4,1296
Московская застава,4 Окружная избирательная комиссия №4,1297
Московская застава,4 Окружная избирательная комиссия №4,1298
Московская застава,4 Окружная избирательная комиссия №4,1299
Новоизмайловское,138 Окружная избирательная комиссия №138,1367
Новоизмайловское,138 Окружная избирательная комиссия №138,1368
Новоизмайловское,138 Окружная избирательная комиссия №138,1369
Новоизмайловское,138 Окружная избирательная комиссия №138,1370
Новоизмайловское,138 Окружная избирательная комиссия №138,1371
Новоизмайловское,138 Окружная избирательная комиссия №138,1372
Новоизмайловское,138 Окружная избирательная комиссия №138,1373
Новоизмайловское,138 Окружная избирательная комиссия №138,1374
Новоизмайловское,139 Окружная избирательная комиссия №139,1382
Новоизмайловское,139 Окружная избирательная комиссия №139,1383
Новоизмайловское,139 Окружная избирательная комиссия №139,1384
Новоизмайловское,139 Окружная избирательная комиссия №139,1385
Новоизмайловское,139 Окружная избирательная комиссия №139,1386
Новоизмайловское,139 Окружная избирательная комиссия №139,1387
Новоизмайловское,139 Окружная избирательная комиссия №139,1388
Новоизмайловское,140 Окружная избирательная комиссия №140,1375
Новоизмайловское,140 Окружная избирательная комиссия №140,1376
Новоизмайловское,140 Окружная избирательная комиссия №140,1377
Новоизмайловское,140 Окружная избирательная комиссия №140,1378
Новоизмайловское,140 Окружная избирательная комиссия №140,1379
Новоизмайловское,140 Окружная избирательная комиссия №140,1380
Новоизмайловское,140 Окружная избирательная комиссия №140,1381
Новоизмайловское,141 Окружная избирательная комиссия №141,1389
Новоизмайловское,141 Окружная избирательная комиссия №141,1390
Новоизмайловское,141 Окружная избирательная комиссия №141,1391
Новоизмайловское,141 Окружная избирательная комиссия №141,1392
Новоизмайловское,141 Окружная избирательная комиссия №141,1393
Новоизмайловское,141 Окружная избирательная комиссия №141,1394
Пулковский меридиан,142 Окружная избирательная комиссия №142,1395
Пулковский меридиан,142 Окружная избирательная комиссия №142,1396
Пулковский меридиан,142 Окружная избирательная комиссия №142,1397
Пулковский меридиан,142 Окружная избирательная комиссия №142,1398
Пулковский меридиан,142 Окружная избирательная комиссия №142,1399
Пулковский меридиан,143 Окружная избирательная комиссия №143,1400
Пулковский меридиан,143 Окружная избирательная комиссия №143,1401
Пулковский меридиан,143 Окружная избирательная комиссия №143,1402
Пулковский меридиан,143 Окружная избирательная комиссия №143,1403
Пулковский меридиан,144 Окружная избирательная комиссия №144,1404
Пулковский меридиан,144 Окружная избирательная комиссия №144,1405
Пулковский меридиан,144 Окружная избирательная комиссия №144,1406
Пулковский меридиан,144 Окружная избирательная комиссия №144,1407
Пулковский меридиан,145 Окружная избирательная комиссия №145,1408
Пулковский меридиан,145 Окружная избирательная комиссия №145,1409
Пулковский меридиан,145 Окружная избирательная комиссия №145,1410
Пулковский меридиан,145 Окружная избирательная комиссия №145,1411
Пулковский меридиан,145 Окружная избирательная комиссия №145,1412
№54,162 Окружная избирательная комиссия №162,1443
№54,162 Окружная избирательная комиссия №162,1444
№54,162 Окружная избирательная комиссия №162,1445
№54,162 Окружная избирательная комиссия №162,1446
№54,162 Окружная избирательная комиссия №162,1447
№54,162 Окружная избирательная комиссия №162,1448
№54,163 Окружная избирательная комиссия №163,1449
№54,163 Окружная избирательная комиссия №163,1450
№54,163 Окружная избирательная комиссия №163,1451
№54,163 Окружная избирательная комиссия №163,1452
№54,163 Окружная избирательная комиссия №163,1453
№54,163 Окружная избирательная комиссия №163,1454
№54,164 Окружная избирательная комиссия №164,1455
№54,164 Окружная избирательная комиссия №164,1456
№54,164 Окружная избирательная комиссия №164,1457
№54,164 Окружная избирательная комиссия №164,1458
№54,164 Окружная избирательная комиссия №164,1459
№54,165 Окружная избирательная комиссия №165,1460
№54,165 Окружная избирательная комиссия №165,1461
№54,165 Окружная избирательная комиссия №165,1462
№54,165 Окружная избирательная комиссия №165,1463
№54,165 Окружная избирательная комиссия №165,1464
№54,165 Окружная избирательная комиссия №165,1465
Народный,158 Окружная избирательная комиссия №158,1422
Народный,158 Окружная избирательная комиссия №158,1423
Народный,158 Окружная избирательная комиссия №158,1424
Народный,158 Окружная избирательная комиссия №158,1425
Народный,158 Окружная избирательная комиссия №158,1426
Народный,158 Окружная избирательная комиссия №158,1427
Народный,159 Окружная избирательная комиссия №159,1428
Народный,159 Окружная избирательная комиссия №159,1429
Народный,159 Окружная избирательная комиссия №159,1430
Народный,159 Окружная избирательная комиссия №159,1431
Народный,159 Окружная избирательная комиссия №159,1432
Народный,160 Окружная избирательная комиссия №160,1433
Народный,160 Окружная избирательная комиссия №160,1434
Народный,160 Окружная избирательная комиссия №160,1435
Народный,160 Окружная избирательная комиссия №160,1436
Народный,160 Окружная избирательная комиссия №160,1437
Народный,161 Окружная избирательная комиссия №161,1438
Народный,161 Окружная избирательная комиссия №161,1439
Народный,161 Окружная избирательная комиссия №161,1440
Народный,161 Окружная избирательная комиссия №161,1441
Народный,161 Окружная избирательная комиссия №161,1442
МО Ивановский,152 Окружная избирательная комиссия №152,1557
МО Ивановский,152 Окружная избирательная комиссия №152,1558
МО Ивановский,152 Окружная избирательная комиссия №152,1559
МО Ивановский,152 Окружная избирательная комиссия №152,1561
МО Ивановский,152 Окружная избирательная комиссия №152,1562
МО Ивановский,152 Окружная избирательная комиссия №152,1563
МО Ивановский,153 Окружная избирательная комиссия №153,1560
МО Ивановский,153 Окружная избирательная комиссия №153,1564
МО Ивановский,153 Окружная избирательная комиссия №153,1565
МО Ивановский,153 Окружная избирательная комиссия №153,1566
МО Ивановский,153 Окружная избирательная комиссия №153,1567
МО Ивановский,153 Окружная избирательная комиссия №153,1568
Невский,166 Окружная избирательная комиссия №166,1466
Невский,166 Окружная избирательная комиссия №166,1467
Невский,166 Окружная избирательная комиссия №166,1468
Невский,166 Окружная избирательная комиссия №166,1469
Невский,166 Окружная избирательная комиссия №166,1470
Невский,167 Окружная избирательная комиссия №167,1471
Невский,167 Окружная избирательная комиссия №167,1472
Невский,167 Окружная избирательная комиссия №167,1473
Невский,167 Окружная избирательная комиссия №167,1474
Невский,167 Окружная избирательная комиссия №167,1475
Невский,167 Окружная избирательная комиссия №167,1476
Невский,168 Окружная избирательная комиссия №168,1477
Невский,168 Окружная избирательная комиссия №168,1478
Невский,168 Окружная избирательная комиссия №168,1479
Невский,168 Окружная избирательная комиссия №168,1480
Невский,168 Окружная избирательная комиссия №168,1481
Невский,169 Окружная избирательная комиссия №169,1482
Невский,169 Окружная избирательная комиссия №169,1483
Невский,169 Окружная избирательная комиссия №169,1484
Невский,169 Окружная избирательная комиссия №169,1485
Невский,169 Окружная избирательная комиссия №169,1486
Невский,169 Окружная избирательная комиссия №169,1487
Правобережный,174 Окружная избирательная комиссия №174,1508
Правобережный,174 Окружная избирательная комиссия №174,1509
Правобережный,174 Окружная избирательная комиссия №174,1510
Правобережный,174 Окружная избирательная комиссия №174,1511
Правобережный,174 Окружная избирательная комиссия №174,1512
Правобережный,174 Окружная избирательная комиссия №174,1513
Правобережный,175 Окружная избирательная комиссия №175,1514
Правобережный,175 Окружная избирательная комиссия №175,1515
Правобережный,175 Окружная избирательная комиссия №175,1516
Правобережный,175 Окружная избирательная комиссия №175,1517
Правобережный,175 Окружная избирательная комиссия №175,1518
Правобережный,175 Окружная избирательная комиссия №175,1519
Правобережный,176 Окружная избирательная комиссия №176,1520
Правобережный,176 Окружная избирательная комиссия №176,1521
Правобережный,176 Окружная избирательная комиссия №176,1522
Правобережный,176 Окружная избирательная комиссия №176,1523
Правобережный,176 Окружная избирательная комиссия №176,1524
Правобережный,176 Окружная избирательная комиссия №176,1525
Правобережный,177 Окружная избирательная комиссия №177,1526
Правобережный,177 Окружная избирательная комиссия №177,1527
Правобережный,177 Окружная избирательная комиссия №177,1528
Правобережный,177 Окружная избирательная комиссия №177,1529
Правобережный,177 Окружная избирательная комиссия №177,1530
Правобережный,177 Окружная избирательная комиссия №177,1531
Рыбацкое,156 Окружная избирательная комиссия №156,1586
Рыбацкое,156 Окружная избирательная комиссия №156,1587
Рыбацкое,156 Окружная избирательная комиссия №156,1588
Рыбацкое,156 Окружная избирательная комиссия №156,1589
Рыбацкое,156 Окружная избирательная комиссия №156,1590
Рыбацкое,156 Окружная избирательная комиссия №156,1591
Рыбацкое,156 Окружная избирательная комиссия №156,1592
Рыбацкое,156 Окружная избирательная комиссия №156,1593
Рыбацкое,156 Окружная избирательная комиссия №156,1594
Рыбацкое,157 Окружная избирательная комиссия №157,1595
Рыбацкое,157 Окружная избирательная комиссия №157,1596
Рыбацкое,157 Окружная избирательная комиссия №157,1597
Рыбацкое,157 Окружная избирательная комиссия №157,1598
Рыбацкое,157 Окружная избирательная комиссия №157,1599
Рыбацкое,157 Окружная избирательная комиссия №157,1600
Рыбацкое,157 Окружная избирательная комиссия №157,1601
Рыбацкое,157 Окружная избирательная комиссия №157,1602
Рыбацкое,157 Окружная избирательная комиссия №157,1603
Рыбацкое,157 Окружная избирательная комиссия №157,1604
Обуховский,154 Окружная избирательная комиссия №154,1569
Обуховский,154 Окружная избирательная комиссия №154,1570
Обуховский,154 Окружная избирательная комиссия №154,1571
Обуховский,154 Окружная избирательная комиссия №154,1572
Обуховский,154 Окружная избирательная комиссия №154,1573
Обуховский,154 Окружная избирательная комиссия №154,1574
Обуховский,154 Окружная избирательная комиссия №154,1575
Обуховский,154 Окружная избирательная комиссия №154,1576
Обуховский,155 Окружная избирательная комиссия №155,1577
Обуховский,155 Окружная избирательная комиссия №155,1578
Обуховский,155 Окружная избирательная комиссия №155,1579
Обуховский,155 Окружная избирательная комиссия №155,1580
Обуховский,155 Окружная избирательная комиссия №155,1581
Обуховский,155 Окружная избирательная комиссия №155,1582
Обуховский,155 Окружная избирательная комиссия №155,1583
Обуховский,155 Окружная избирательная комиссия №155,1584
Обуховский,155 Окружная избирательная комиссия №155,1585
Невская застава,150 Окружная избирательная комиссия №150,1545
Невская застава,150 Окружная избирательная комиссия №150,1546
Невская застава,150 Окружная избирательная комиссия №150,1547
Невская застава,150 Окружная избирательная комиссия №150,1548
Невская застава,150 Окружная избирательная комиссия №150,1549
Невская застава,150 Окружная избирательная комиссия №150,1550
Невская застава,151 Окружная избирательная комиссия №151,1551
Невская застава,151 Окружная избирательная комиссия №151,1552
Невская застава,151 Окружная избирательная комиссия №151,1553
Невская застава,151 Окружная избирательная комиссия №151,1554
Невская застава,151 Окружная избирательная комиссия №151,1555
Невская застава,151 Окружная избирательная комиссия №151,1556
Оккервиль,170 Окружная избирательная комиссия №170,1488
Оккервиль,170 Окружная избирательная комиссия №170,1489
Оккервиль,170 Окружная избирательная комиссия №170,1490
Оккервиль,170 Окружная избирательная комиссия №170,1491
Оккервиль,170 Окружная избирательная комиссия №170,1492
Оккервиль,171 Окружная избирательная комиссия №171,1493
Оккервиль,171 Окружная избирательная комиссия №171,1494
Оккервиль,171 Окружная избирательная комиссия №171,1495
Оккервиль,171 Окружная избирательная комиссия №171,1496
Оккервиль,171 Окружная избирательная комиссия №171,1497
Оккервиль,172 Окружная избирательная комиссия №172,1498
Оккервиль,172 Окружная избирательная комиссия №172,1499
Оккервиль,172 Окружная избирательная комиссия №172,1500
Оккервиль,172 Окружная избирательная комиссия №172,1501
Оккервиль,172 Окружная избирательная комиссия №172,1502
Оккервиль,173 Окружная избирательная комиссия №173,1503
Оккервиль,173 Окружная избирательная комиссия №173,1504
Оккервиль,173 Окружная избирательная комиссия №173,1505
Оккервиль,173 Окружная избирательная комиссия №173,1506
Оккервиль,173 Окружная избирательная комиссия №173,1507
Введенский,178 Окружная избирательная комиссия №178,1612
Введенский,178 Окружная избирательная комиссия №178,1613
Введенский,178 Окружная избирательная комиссия №178,1614
Введенский,178 Окружная избирательная комиссия №178,1615
Введенский,179 Окружная избирательная комиссия №179,1616
Введенский,179 Окружная избирательная комиссия №179,1617
Введенский,179 Окружная избирательная комиссия №179,1618
Введенский,179 Окружная избирательная комиссия №179,1619
Кронверкское,180 Окружная избирательная комиссия №180,1620
Кронверкское,180 Окружная избирательная комиссия №180,1621
Кронверкское,180 Окружная избирательная комиссия №180,1622
Кронверкское,181 Окружная избирательная комиссия №181,1623
Кронверкское,181 Окружная избирательная комиссия №181,1624
Кронверкское,181 Окружная избирательная комиссия №181,1625
Кронверкское,181 Окружная избирательная комиссия №181,1626
Посадский,182 Окружная избирательная комиссия №182,1627
Посадский,182 Окружная избирательная комиссия №182,1628
Посадский,182 Окружная избирательная комиссия №182,1629
Посадский,182 Окружная избирательная комиссия №182,1630
Посадский,183 Окружная избирательная комиссия №183,1631
Посадский,183 Окружная избирательная комиссия №183,1632
Посадский,183 Окружная избирательная комиссия №183,1633
Посадский,183 Окружная избирательная комиссия №183,1634
Аптекарский остров,184 Окружная избирательная комиссия №184,1635
Аптекарский остров,184 Окружная избирательная комиссия №184,1636
Аптекарский остров,184 Окружная избирательная комиссия №184,1637
Аптекарский остров,184 Окружная избирательная комиссия №184,1638
Аптекарский остров,184 Окружная избирательная комиссия №184,1639
Аптекарский остров,185 Окружная избирательная комиссия №185,1640
Аптекарский остров,185 Окружная избирательная комиссия №185,1641
Аптекарский остров,185 Окружная избирательная комиссия №185,1642
Аптекарский остров,185 Окружная избирательная комиссия №185,1643
Чкаловское,188 Окружная избирательная комиссия №188,1654
Чкаловское,188 Окружная избирательная комиссия №188,1655
Чкаловское,188 Окружная избирательная комиссия №188,1656
Чкаловское,188 Окружная избирательная комиссия №188,1657
Чкаловское,188 Окружная избирательная комиссия №188,1658
Чкаловское,189 Окружная избирательная комиссия №189,1659
Чкаловское,189 Окружная избирательная комиссия №189,1660
Чкаловское,189 Окружная избирательная комиссия №189,1661
Чкаловское,189 Окружная избирательная комиссия №189,1662
Чкаловское,189 Окружная избирательная комиссия №189,1663
Чкаловское,189 Окружная избирательная комиссия №189,1664
Петровский,186 Окружная избирательная комиссия №186,1644
Петровский,186 Окружная избирательная комиссия №186,1645
Петровский,186 Окружная избирательная комиссия №186,1646
Петровский,186 Окружная избирательная комиссия №186,1647
Петровский,187 Окружная избирательная комиссия №187,1648
Петровский,187 Окружная избирательная комиссия №187,1649
Петровский,187 Окружная избирательная комиссия №187,1650
Петровский,187 Окружная избирательная комиссия №187,1651
Петровский,187 Окружная избирательная комиссия №187,1652
Петровский,187 Окружная избирательная комиссия №187,1653
город Петергоф,1 Окружная избирательная комиссия №1,1681
город Петергоф,1 Окружная избирательная комиссия №1,1682
город Петергоф,1 Окружная избирательная комиссия №1,1683
город Петергоф,1 Окружная избирательная комиссия №1,1684
город Петергоф,1 Окружная избирательная комиссия №1,1685
город Петергоф,1 Окружная избирательная комиссия №1,1686
город Петергоф,2 Окружная избирательная комиссия №2,1687
город Петергоф,2 Окружная избирательная комиссия №2,1688
город Петергоф,2 Окружная избирательная комиссия №2,1689
город Петергоф,2 Окружная избирательная комиссия №2,1690
город Петергоф,2 Окружная избирательная комиссия №2,1691
город Петергоф,3 Окружная избирательная комиссия №3,1692
город Петергоф,3 Окружная избирательная комиссия №3,1693
город Петергоф,3 Окружная избирательная комиссия №3,1694
город Петергоф,3 Окружная избирательная комиссия №3,1695
город Петергоф,3 Окружная избирательная комиссия №3,1696
город Петергоф,4 Окружная избирательная комиссия №4,1697
город Петергоф,4 Окружная избирательная комиссия №4,1698
город Петергоф,4 Окружная избирательная комиссия №4,1699
город Петергоф,4 Окружная избирательная комиссия №4,1700
город Петергоф,4 Окружная избирательная комиссия №4,1701
поселок Стрельна,1 Окружная избирательная комиссия №1,1674
поселок Стрельна,1 Окружная избирательная комиссия №1,1675
поселок Стрельна,2 Окружная избирательная комиссия №2,1676
поселок Стрельна,3 Окружная избирательная комиссия №3,1677
поселок Стрельна,3 Окружная избирательная комиссия №3,1678
поселок Стрельна,4 Окружная избирательная комиссия №4,1679
поселок Стрельна,5 Окружная избирательная комиссия №5,1680
поселок Лисий Нос,3 Окружная избирательная комиссия №3,1729
поселок Лисий Нос,4 Окружная избирательная комиссия №4,1730
Лахта-Ольгино,641 Окружная избирательная комиссия №641,1724
Лахта-Ольгино,642 Окружная избирательная комиссия №642,1725
Коломяги,206 Окружная избирательная комиссия №206,1927
Коломяги,206 Окружная избирательная комиссия №206,1930
Коломяги,206 Окружная избирательная комиссия №206,1931
Коломяги,206 Окружная избирательная комиссия №206,1932
Коломяги,206 Окружная избирательная комиссия №206,1941
Коломяги,207 Окружная избирательная комиссия №207,1935
Коломяги,207 Окружная избирательная комиссия №207,1936
Коломяги,207 Окружная избирательная комиссия №207,1937
Коломяги,207 Окружная избирательная комиссия №207,1939
Коломяги,207 Окружная избирательная комиссия №207,1940
Коломяги,208 Окружная избирательная комиссия №208,1928
Коломяги,208 Окружная избирательная комиссия №208,1929
Коломяги,208 Окружная избирательная комиссия №208,1933
Коломяги,208 Окружная избирательная комиссия №208,1934
Коломяги,208 Окружная избирательная комиссия №208,1938
Коломяги,208 Окружная избирательная комиссия №208,1942
Коломяги,208 Окружная избирательная комиссия №208,1943
Озеро Долгое,202 Окружная избирательная комиссия №202,1812
Озеро Долгое,202 Окружная избирательная комиссия №202,1813
Озеро Долгое,202 Окружная избирательная комиссия №202,1814
Озеро Долгое,202 Окружная избирательная комиссия №202,1815
Озеро Долгое,202 Окружная избирательная комиссия №202,1816
Озеро Долгое,202 Окружная избирательная комиссия №202,1818
Озеро Долгое,202 Окружная избирательная комиссия №202,1819
Озеро Долгое,202 Окружная избирательная комиссия №202,1821
Озеро Долгое,203 Окружная избирательная комиссия №203,1824
Озеро Долгое,203 Окружная избирательная комиссия №203,1825
Озеро Долгое,203 Окружная избирательная комиссия №203,1826
Озеро Долгое,203 Окружная избирательная комиссия №203,1827
Озеро Долгое,203 Окружная избирательная комиссия №203,1828
Озеро Долгое,203 Окружная избирательная комиссия №203,1829
Озеро Долгое,203 Окружная избирательная комиссия №203,1830
Озеро Долгое,203 Окружная избирательная комиссия №203,1831
Озеро Долгое,203 Окружная избирательная комиссия №203,1833
Озеро Долгое,204 Окружная избирательная комиссия №204,1832
Озеро Долгое,204 Окружная избирательная комиссия №204,1835
Озеро Долгое,204 Окружная избирательная комиссия №204,1836
Озеро Долгое,204 Окружная избирательная комиссия №204,1837
Озеро Долгое,204 Окружная избирательная комиссия №204,1838
Озеро Долгое,204 Окружная избирательная комиссия №204,1839
Озеро Долгое,204 Окружная избирательная комиссия №204,1840
Озеро Долгое,205 Окружная избирательная комиссия №205,1817
Озеро Долгое,205 Окружная избирательная комиссия №205,1820
Озеро Долгое,205 Окружная избирательная комиссия №205,1822
Озеро Долгое,205 Окружная избирательная комиссия №205,1823
Озеро Долгое,205 Окружная избирательная комиссия №205,1834
Озеро Долгое,205 Окружная избирательная комиссия №205,1841
Озеро Долгое,205 Окружная избирательная комиссия №205,1842
Озеро Долгое,205 Окружная избирательная комиссия №205,1843
Озеро Долгое,205 Окружная избирательная комиссия №205,1844
Черная речка,1 Окружная избирательная комиссия №1,1793
Черная речка,1 Окружная избирательная комиссия №1,1794
Черная речка,1 Окружная избирательная комиссия №1,1795
Черная речка,1 Окружная избирательная комиссия №1,1796
Черная речка,1 Окружная избирательная комиссия №1,1799
Черная речка,2 Окружная избирательная комиссия №2,1798
Черная речка,2 Окружная избирательная комиссия №2,1800
Черная речка,2 Окружная избирательная комиссия №2,1801
Черная речка,2 Окружная избирательная комиссия №2,1806
Черная речка,2 Окружная избирательная комиссия №2,1809
Черная речка,3 Окружная избирательная комиссия №3,1802
Черная речка,3 Окружная избирательная комиссия №3,1803
Черная речка,3 Окружная избирательная комиссия №3,1804
Черная речка,3 Окружная избирательная комиссия №3,1805
Черная речка,4 Окружная избирательная комиссия №4,1797
Черная речка,4 Окружная избирательная комиссия №4,1807
Черная речка,4 Окружная избирательная комиссия №4,1808
Черная речка,4 Окружная избирательная комиссия №4,1810
Юнтолово,691 Окружная избирательная комиссия №691,1893
Юнтолово,691 Окружная избирательная комиссия №691,1894
Юнтолово,691 Окружная избирательная комиссия №691,1895
Юнтолово,691 Окружная избирательная комиссия №691,1896
Юнтолово,691 Окружная избирательная комиссия №691,1897
Юнтолово,691 Окружная избирательная комиссия №691,1902
Юнтолово,691 Окружная избирательная комиссия №691,1903
Юнтолово,692 Окружная избирательная комиссия №692,1898
Юнтолово,692 Окружная избирательная комиссия №692,1899
Юнтолово,692 Окружная избирательная комиссия №692,1900
Юнтолово,692 Окружная избирательная комиссия №692,1901
Юнтолово,692 Окружная избирательная комиссия №692,1904
Юнтолово,692 Окружная избирательная комиссия №692,1908
Юнтолово,692 Окружная избирательная комиссия №692,1921
Юнтолово,693 Окружная избирательная комиссия №693,1905
Юнтолово,693 Окружная избирательная комиссия №693,1906
Юнтолово,693 Окружная избирательная комиссия №693,1907
Юнтолово,693 Окружная избирательная комиссия №693,1909
Юнтолово,693 Окружная избирательная комиссия №693,1913
Юнтолово,693 Окружная избирательная комиссия №693,1914
Юнтолово,694 Окружная избирательная комиссия №694,1910
Юнтолово,694 Окружная избирательная комиссия №694,1911
Юнтолово,694 Окружная избирательная комиссия №694,1912
Юнтолово,694 Окружная избирательная комиссия №694,1915
Юнтолово,694 Окружная избирательная комиссия №694,1916
Юнтолово,694 Окружная избирательная комиссия №694,1917
Юнтолово,695 Окружная избирательная комиссия №695,1918
Юнтолово,695 Окружная избирательная комиссия №695,1919
Юнтолово,695 Окружная избирательная комиссия №695,1920
Юнтолово,695 Окружная избирательная комиссия №695,1922
Юнтолово,695 Окружная избирательная комиссия №695,1923
Юнтолово,695 Окружная избирательная комиссия №695,1924
№65,190 Окружная избирательная комиссия №190,1748
№65,190 Окружная избирательная комиссия №190,1749
№65,190 Окружная избирательная комиссия №190,1750
№65,190 Окружная избирательная комиссия №190,1751
№65,190 Окружная избирательная комиссия №190,1752
№65,190 Окружная избирательная комиссия №190,1753
№65,190 Окружная избирательная комиссия №190,1754
№65,190 Окружная избирательная комиссия №190,1756
№65,190 Окружная избирательная комиссия №190,1757
№65,190 Окружная избирательная комиссия №190,1758
№65,191 Окружная избирательная комиссия №191,1742
№65,191 Окружная избирательная комиссия №191,1743
№65,191 Окружная избирательная комиссия №191,1744
№65,191 Окружная избирательная комиссия №191,1745
№65,191 Окружная избирательная комиссия №191,1746
№65,191 Окружная избирательная комиссия №191,1747
№65,191 Окружная избирательная комиссия №191,1760
№65,191 Окружная избирательная комиссия №191,1761
№65,191 Окружная избирательная комиссия №191,1762
№65,191 Окружная избирательная комиссия №191,1764
№65,191 Окружная избирательная комиссия №191,1765
№65,191 Окружная избирательная комиссия №191,1766
№65,192 Окружная избирательная комиссия №192,1731
№65,192 Окружная избирательная комиссия №192,1732
№65,192 Окружная избирательная комиссия №192,1733
№65,192 Окружная избирательная комиссия №192,1734
№65,192 Окружная избирательная комиссия №192,1736
№65,192 Окружная избирательная комиссия №192,1737
№65,192 Окружная избирательная комиссия №192,1738
№65,192 Окружная избирательная комиссия №192,1739
№65,192 Окружная избирательная комиссия №192,1740
№65,192 Окружная избирательная комиссия №192,1741
№65,193 Окружная избирательная комиссия №193,1735
№65,193 Окружная избирательная комиссия №193,1768
№65,193 Окружная избирательная комиссия №193,1769
№65,193 Окружная избирательная комиссия №193,1770
№65,193 Окружная избирательная комиссия №193,1771
№65,193 Окружная избирательная комиссия №193,1772
№65,193 Окружная избирательная комиссия №193,1773
№65,193 Окружная избирательная комиссия №193,1775
№65,193 Окружная избирательная комиссия №193,1776
№65,193 Окружная избирательная комиссия №193,1777
№65,193 Окружная избирательная комиссия №193,1778
№65,194 Окружная избирательная комиссия №194,1759
№65,194 Окружная избирательная комиссия №194,1774
№65,194 Окружная избирательная комиссия №194,1779
№65,194 Окружная избирательная комиссия №194,1780
№65,194 Окружная избирательная комиссия №194,1781
№65,194 Окружная избирательная комиссия №194,1782
№65,194 Окружная избирательная комиссия №194,1783
№65,194 Окружная избирательная комиссия №194,1784
№65,194 Окружная избирательная комиссия №194,1785
№65,194 Окружная избирательная комиссия №194,1786
№65,194 Окружная избирательная комиссия №194,1787
Комендантский аэродром,198 Окружная избирательная комиссия №198,1867
Комендантский аэродром,198 Окружная избирательная комиссия №198,1868
Комендантский аэродром,198 Окружная избирательная комиссия №198,1869
Комендантский аэродром,198 Окружная избирательная комиссия №198,1870
Комендантский аэродром,198 Окружная избирательная комиссия №198,1871
Комендантский аэродром,198 Окружная избирательная комиссия №198,1872
Комендантский аэродром,199 Окружная избирательная комиссия №199,1873
Комендантский аэродром,199 Окружная избирательная комиссия №199,1874
Комендантский аэродром,199 Окружная избирательная комиссия №199,1875
Комендантский аэродром,199 Окружная избирательная комиссия №199,1876
Комендантский аэродром,199 Окружная избирательная комиссия №199,1877
Комендантский аэродром,199 Окружная избирательная комиссия №199,1878
Комендантский аэродром,199 Окружная избирательная комиссия №199,1879
Комендантский аэродром,200 Окружная избирательная комиссия №200,1880
Комендантский аэродром,200 Окружная избирательная комиссия №200,1881
Комендантский аэродром,200 Окружная избирательная комиссия №200,1882
Комендантский аэродром,200 Окружная избирательная комиссия №200,1883
Комендантский аэродром,200 Окружная избирательная комиссия №200,1884
Комендантский аэродром,200 Окружная избирательная комиссия №200,1885
Комендантский аэродром,201 Окружная избирательная комиссия №201,1886
Комендантский аэродром,201 Окружная избирательная комиссия №201,1887
Комендантский аэродром,201 Окружная избирательная комиссия №201,1888
Комендантский аэродром,201 Окружная избирательная комиссия №201,1889
Комендантский аэродром,201 Окружная избирательная комиссия №201,1890
Комендантский аэродром,201 Окружная избирательная комиссия №201,1891
Комендантский аэродром,201 Окружная избирательная комиссия №201,1892
города Павловска,1 Окружная избирательная комиссия №1,1984
города Павловска,1 Окружная избирательная комиссия №1,1985
города Павловска,1 Окружная избирательная комиссия №1,1986
города Павловска,1 Окружная избирательная комиссия №1,1987
города Павловска,2 Окружная избирательная комиссия №2,1988
города Павловска,2 Окружная избирательная комиссия №2,1989
города Павловска,2 Окружная избирательная комиссия №2,1990
города Павловска,2 Окружная избирательная комиссия №2,1991
поселок Александровская,1 Окружная избирательная комиссия №1,1992
Поселок Тярлево,1 Окружная избирательная комиссия №1,1993
поселок Шушары,1 Окружная избирательная комиссия №1,1994
поселок Шушары,1 Окружная избирательная комиссия №1,1995
поселок Шушары,1 Окружная избирательная комиссия №1,1996
поселок Шушары,2 Окружная избирательная комиссия №2,1997
поселок Шушары,2 Окружная избирательная комиссия №2,1998
поселок Шушары,2 Окружная избирательная комиссия №2,1999
поселок Шушары,3 Окружная избирательная комиссия №3,2000
поселок Шушары,3 Окружная избирательная комиссия №3,2001
поселок Шушары,3 Окружная избирательная комиссия №3,2002
поселок Шушары,3 Окружная избирательная комиссия №3,2003
поселок Шушары,3 Окружная избирательная комиссия №3,2011
поселок Шушары,3 Окружная избирательная комиссия №3,2012
поселок Шушары,3 Окружная избирательная комиссия №3,2013
поселок Шушары,3 Окружная избирательная комиссия №3,2014
поселок Шушары,4 Окружная избирательная комиссия №4,2004
поселок Шушары,4 Окружная избирательная комиссия №4,2005
поселок Шушары,4 Окружная избирательная комиссия №4,2006
поселок Шушары,4 Окружная избирательная комиссия №4,2015
поселок Шушары,5 Окружная избирательная комиссия №5,2007
поселок Шушары,5 Окружная избирательная комиссия №5,2008
поселок Шушары,5 Окружная избирательная комиссия №5,2009
город Пушкин,1 Окружная избирательная комиссия №1,1949
город Пушкин,1 Окружная избирательная комиссия №1,1950
город Пушкин,1 Окружная избирательная комиссия №1,1951
город Пушкин,1 Окружная избирательная комиссия №1,1952
город Пушкин,1 Окружная избирательная комиссия №1,1953
город Пушкин,1 Окружная избирательная комиссия №1,1954
город Пушкин,1 Окружная избирательная комиссия №1,1955
город Пушкин,1 Окружная избирательная комиссия №1,1956
город Пушкин,2 Окружная избирательная комиссия №2,1957
город Пушкин,2 Окружная избирательная комиссия №2,1958
город Пушкин,2 Окружная избирательная комиссия №2,1959
город Пушкин,2 Окружная избирательная комиссия №2,1960
город Пушкин,2 Окружная избирательная комиссия №2,1961
город Пушкин,2 Окружная избирательная комиссия №2,1962
город Пушкин,2 Окружная избирательная комиссия №2,1963
город Пушкин,3 Окружная избирательная комиссия №3,1964
город Пушкин,3 Окружная избирательная комиссия №3,1965
город Пушкин,3 Окружная избирательная комиссия №3,1966
город Пушкин,3 Окружная избирательная комиссия №3,1967
город Пушкин,3 Окружная избирательная комиссия №3,1968
город Пушкин,3 Окружная избирательная комиссия №3,1969
город Пушкин,3 Окружная избирательная комиссия №3,1970
город Пушкин,3 Окружная избирательная комиссия №3,1971
город Пушкин,3 Окружная избирательная комиссия №3,1972
город Пушкин,4 Окружная избирательная комиссия №4,1973
город Пушкин,4 Окружная избирательная комиссия №4,1974
город Пушкин,4 Окружная избирательная комиссия №4,1975
город Пушкин,4 Окружная избирательная комиссия №4,1976
город Пушкин,4 Окружная избирательная комиссия №4,1977
город Пушкин,4 Окружная избирательная комиссия №4,1978
город Пушкин,4 Окружная избирательная комиссия №4,1979
город Пушкин,4 Окружная избирательная комиссия №4,1980
город Пушкин,4 Окружная избирательная комиссия №4,1981
город Пушкин,4 Окружная избирательная комиссия №4,1982
город Пушкин,4 Окружная избирательная комиссия №4,1983
город Пушкин,4 Окружная избирательная комиссия №4,2010
МО Балканский,226 Окружная избирательная комиссия №226,2150
МО Балканский,226 Окружная избирательная комиссия №226,2151
МО Балканский,226 Окружная избирательная комиссия №226,2152
МО Балканский,226 Окружная избирательная комиссия №226,2153
МО Балканский,226 Окружная избирательная комиссия №226,2154
МО Балканский,226 Окружная избирательная комиссия №226,2155
МО Балканский,227 Окружная избирательная комиссия №227,2156
МО Балканский,227 Окружная избирательная комиссия №227,2157
МО Балканский,227 Окружная избирательная комиссия №227,2158
МО Балканский,227 Окружная избирательная комиссия №227,2159
МО Балканский,227 Окружная избирательная комиссия №227,2160
МО Балканский,227 Окружная избирательная комиссия №227,2161
МО Балканский,228 Окружная избирательная комиссия №228,2162
МО Балканский,228 Окружная избирательная комиссия №228,2163
МО Балканский,228 Окружная избирательная комиссия №228,2164
МО Балканский,228 Окружная избирательная комиссия №228,2165
МО Балканский,228 Окружная избирательная комиссия №228,2166
МО Балканский,228 Окружная избирательная комиссия №228,2167
МО Балканский,229 Окружная избирательная комиссия №229,2168
МО Балканский,229 Окружная избирательная комиссия №229,2169
МО Балканский,229 Окружная избирательная комиссия №229,2170
МО Балканский,229 Окружная избирательная комиссия №229,2171
МО Балканский,229 Окружная избирательная комиссия №229,2172
МО Балканский,229 Окружная избирательная комиссия №229,2173
МО Балканский,229 Окружная избирательная комиссия №229,2174
Георгиевский,220 Окружная избирательная комиссия №220,2104
Георгиевский,220 Окружная избирательная комиссия №220,2105
Георгиевский,220 Окружная избирательная комиссия №220,2106
Георгиевский,220 Окружная избирательная комиссия №220,2107
Георгиевский,220 Окружная избирательная комиссия №220,2108
Георгиевский,220 Окружная избирательная комиссия №220,2109
Георгиевский,220 Окружная избирательная комиссия №220,2110
Георгиевский,220 Окружная избирательная комиссия №220,2111
Георгиевский,221 Окружная избирательная комиссия №220,2112
Георгиевский,221 Окружная избирательная комиссия №220,2113
Георгиевский,221 Окружная избирательная комиссия №220,2114
Георгиевский,221 Окружная избирательная комиссия №220,2115
Георгиевский,221 Окружная избирательная комиссия №220,2116
Георгиевский,221 Окружная избирательная комиссия №220,2117
Георгиевский,221 Окружная избирательная комиссия №220,2118
Георгиевский,222 Окружная избирательная комиссия №222,2119
Георгиевский,222 Окружная избирательная комиссия №222,2120
Георгиевский,222 Окружная избирательная комиссия №222,2121
Георгиевский,222 Окружная избирательная комиссия №222,2122
Георгиевский,222 Окружная избирательная комиссия №222,2123
Георгиевский,222 Окружная избирательная комиссия №222,2124
Георгиевский,222 Окружная избирательная комиссия №222,2125
Георгиевский,223 Окружная избирательная комиссия №223,2126
Георгиевский,223 Окружная избирательная комиссия №223,2127
Георгиевский,223 Окружная избирательная комиссия №223,2128
Георгиевский,223 Окружная избирательная комиссия №223,2129
Георгиевский,223 Окружная избирательная комиссия №223,2130
Георгиевский,223 Окружная избирательная комиссия №223,2131
Георгиевский,223 Окружная избирательная комиссия №223,2132
Георгиевский,223 Окружная избирательная комиссия №223,2133
№72,212 Окружная избирательная комиссия №212,2055
№72,212 Окружная избирательная комиссия №212,2056
№72,212 Окружная избирательная комиссия №212,2057
№72,212 Окружная избирательная комиссия №212,2058
№72,212 Окружная избирательная комиссия №212,2059
№72,212 Окружная избирательная комиссия №212,2060
№72,212 Окружная избирательная комиссия №212,2061
№72,213 Окружная избирательная комиссия №213,2062
№72,213 Окружная избирательная комиссия №213,2063
№72,213 Окружная избирательная комиссия №213,2064
№72,213 Окружная избирательная комиссия №213,2065
№72,213 Окружная избирательная комиссия №213,2066
№72,213 Окружная избирательная комиссия №213,2067
№72,214 Окружная избирательная комиссия №214,2068
№72,214 Окружная избирательная комиссия №214,2069
№72,214 Окружная избирательная комиссия №214,2070
№72,214 Окружная избирательная комиссия №214,2071
№72,214 Окружная избирательная комиссия №214,2072
№72,214 Окружная избирательная комиссия №214,2073
№72,214 Окружная избирательная комиссия №214,2074
№72,215 Окружная избирательная комиссия №215,2075
№72,215 Окружная избирательная комиссия №215,2076
№72,215 Окружная избирательная комиссия №215,2077
№72,215 Окружная избирательная комиссия №215,2078
№72,215 Окружная избирательная комиссия №215,2079
№72,215 Окружная избирательная комиссия №215,2080
№75,224 Окружная избирательная комиссия №224,2134
№75,224 Окружная избирательная комиссия №224,2135
№75,224 Окружная избирательная комиссия №224,2136
№75,224 Окружная избирательная комиссия №224,2137
№75,224 Окружная избирательная комиссия №224,2138
№75,224 Окружная избирательная комиссия №224,2139
№75,224 Окружная избирательная комиссия №224,2140
№75,224 Окружная избирательная комиссия №224,2141
№75,225 Окружная избирательная комиссия №225,2142
№75,225 Окружная избирательная комиссия №225,2143
№75,225 Окружная избирательная комиссия №225,2144
№75,225 Окружная избирательная комиссия №225,2145
№75,225 Окружная избирательная комиссия №225,2146
№75,225 Окружная избирательная комиссия №225,2147
№75,225 Окружная избирательная комиссия №225,2148
№75,225 Окружная избирательная комиссия №225,2149
Волковское,208 Окружная избирательная комиссия №208,2035
Волковское,208 Окружная избирательная комиссия №208,2036
Волковское,208 Окружная избирательная комиссия №208,2037
Волковское,208 Окружная избирательная комиссия №208,2038
Волковское,208 Окружная избирательная комиссия №208,2039
Волковское,209 Окружная избирательная комиссия №209,2040
Волковское,209 Окружная избирательная комиссия №209,2041
Волковское,209 Окружная избирательная комиссия №209,2042
Волковское,209 Окружная избирательная комиссия №209,2043
Волковское,209 Окружная избирательная комиссия №209,2044
Волковское,209 Окружная избирательная комиссия №209,2045
Волковское,210 Окружная избирательная комиссия №210,2046
Волковское,210 Окружная избирательная комиссия №210,2047
Волковское,210 Окружная избирательная комиссия №210,2048
Волковское,210 Окружная избирательная комиссия №210,2049
Волковское,210 Окружная избирательная комиссия №210,2050
Волковское,211 Окружная избирательная комиссия №211,2051
Волковское,211 Окружная избирательная комиссия №211,2052
Волковское,211 Окружная избирательная комиссия №211,2053
Волковское,211 Окружная избирательная комиссия №211,2054
Купчино,216 Окружная избирательная комиссия №216,2081
Купчино,216 Окружная избирательная комиссия №216,2082
Купчино,216 Окружная избирательная комиссия №216,2083
Купчино,216 Окружная избирательная комиссия №216,2084
Купчино,216 Окружная избирательная комиссия №216,2085
Купчино,217 Окружная избирательная комиссия №217,2086
Купчино,217 Окружная избирательная комиссия №217,2087
Купчино,217 Окружная избирательная комиссия №217,2088
Купчино,217 Окружная избирательная комиссия №217,2089
Купчино,217 Окружная избирательная комиссия №217,2090
Купчино,218 Окружная избирательная комиссия №218,2091
Купчино,218 Окружная избирательная комиссия №218,2092
Купчино,218 Окружная избирательная комиссия №218,2093
Купчино,218 Окружная избирательная комиссия №218,2094
Купчино,218 Окружная избирательная комиссия №218,2095
Купчино,219 Окружная избирательная комиссия №219,2096
Купчино,219 Окружная избирательная комиссия №219,2097
Купчино,219 Окружная избирательная комиссия №219,2098
Купчино,219 Окружная избирательная комиссия №219,2099
Купчино,219 Окружная избирательная комиссия №219,2100
Лиговка-Ямская,242 Окружная избирательная комиссия №242,2263
Лиговка-Ямская,242 Окружная избирательная комиссия №242,2264
Лиговка-Ямская,242 Окружная избирательная комиссия №242,2265
Лиговка-Ямская,243 Окружная избирательная комиссия №243,2266
Лиговка-Ямская,243 Окружная избирательная комиссия №243,2267
Лиговка-Ямская,243 Окружная избирательная комиссия №243,2268
Смольнинское,238 Окружная избирательная комиссия №238,2233
Смольнинское,238 Окружная избирательная комиссия №238,2234
Смольнинское,238 Окружная избирательная комиссия №238,2235
Смольнинское,238 Окружная избирательная комиссия №238,2236
Смольнинское,238 Окружная избирательная комиссия №238,2237
Смольнинское,238 Окружная избирательная комиссия №238,2238
Смольнинское,238 Окружная избирательная комиссия №238,2239
Смольнинское,238 Окружная избирательная комиссия №238,2240
Смольнинское,239 Окружная избирательная комиссия №239,2241
Смольнинское,239 Окружная избирательная комиссия №239,2242
Смольнинское,239 Окружная избирательная комиссия №239,2243
Смольнинское,239 Окружная избирательная комиссия №239,2244
Смольнинское,239 Окружная избирательная комиссия №239,2245
Смольнинское,239 Окружная избирательная комиссия №239,2246
Смольнинское,239 Окружная избирательная комиссия №239,2247
Смольнинское,239 Окружная избирательная комиссия №239,2248
Смольнинское,240 Окружная избирательная комиссия №240,2249
Смольнинское,240 Окружная избирательная комиссия №240,2250
Смольнинское,240 Окружная избирательная комиссия №240,2251
Смольнинское,240 Окружная избирательная комиссия №240,2252
Смольнинское,240 Окружная избирательная комиссия №240,2253
Смольнинское,240 Окружная избирательная комиссия №240,2254
Смольнинское,240 Окружная избирательная комиссия №240,2255
Смольнинское,241 Окружная избирательная комиссия №241,2256
Смольнинское,241 Окружная избирательная комиссия №241,2257
Смольнинское,241 Окружная избирательная комиссия №241,2258
Смольнинское,241 Окружная избирательная комиссия №241,2259
Смольнинское,241 Окружная избирательная комиссия №241,2260
Смольнинское,241 Окружная избирательная комиссия №241,2261
Смольнинское,241 Окружная избирательная комиссия №241,2262
Литейный,234 Окружная избирательная комиссия №234,2184
Литейный,234 Окружная избирательная комиссия №234,2185
Литейный,234 Окружная избирательная комиссия №234,2186
Литейный,234 Окружная избирательная комиссия №234,2187
Литейный,235 Окружная избирательная комиссия №235,2188
Литейный,235 Окружная избирательная комиссия №235,2189
Литейный,235 Окружная избирательная комиссия №235,2190
Литейный,235 Окружная избирательная комиссия №235,2191
Литейный,235 Окружная избирательная комиссия №235,2192
Литейный,236 Окружная избирательная комиссия №236,2193
Литейный,236 Окружная избирательная комиссия №236,2194
Литейный,236 Окружная избирательная комиссия №236,2195
Литейный,236 Окружная избирательная комиссия №236,2196
Литейный,237 Окружная избирательная комиссия №237,2197
Литейный,237 Окружная избирательная комиссия №237,2198
Литейный,237 Окружная избирательная комиссия №237,2199
Литейный,237 Окружная избирательная комиссия №237,2200
Литейный,237 Окружная избирательная комиссия №237,2201
Владимирский,244 Окружная избирательная комиссия №244,2206
Владимирский,244 Окружная избирательная комиссия №244,2207
Владимирский,244 Окружная избирательная комиссия №244,2208
Владимирский,244 Окружная избирательная комиссия №244,2209
Владимирский,244 Окружная избирательная комиссия №244,2210
Владимирский,245 Окружная избирательная комиссия №245,2211
Владимирский,245 Окружная избирательная комиссия №245,2212
Владимирский,245 Окружная избирательная комиссия №245,2213
Владимирский,245 Окружная избирательная комиссия №245,2214
Владимирский,245 Окружная избирательная комиссия №245,2215
Владимирский,246 Окружная избирательная комиссия №246,2216
Владимирский,246 Окружная избирательная комиссия №246,2217
Владимирский,246 Окружная избирательная комиссия №246,2218
Владимирский,246 Окружная избирательная комиссия №246,2219
Владимирский,246 Окружная избирательная комиссия №246,2220
Владимирский,247 Окружная избирательная комиссия №247,2221
Владимирский,247 Окружная избирательная комиссия №247,2222
Владимирский,247 Окружная избирательная комиссия №247,2223
Владимирский,247 Окружная избирательная комиссия №247,2224
Владимирский,247 Окружная избирательная комиссия №247,2225
Дворцовый,230 Окружная избирательная комиссия №230,2180
Дворцовый,230 Окружная избирательная комиссия №230,2181
Дворцовый,231 Окружная избирательная комиссия №231,2182
Дворцовый,231 Окружная избирательная комиссия №231,2183
№ 78,232 Окружная избирательная комиссия №232,2202
№ 78,232 Окружная избирательная комиссия №232,2203
№ 78,233 Окружная избирательная комиссия №233,2204
№ 78,233 Окружная избирательная комиссия №233,2205
